rank,youtuber,subscribers,video_views,category,uploads,country,channel_type,video_views_rank,avg_year_earn,created_date
16,Sony SAB,83000000,101000000000,Shows,71270,India,Entertainment,4,42300000,2007-08-04
15,Goldmines,86900000,24118230580,Film & Animation,1,Unknown,Music,4056562,0.455,2006-08-15
17,5-Minute Crafts,80100000,26236790209,Howto & Style,1,United Kingdom,Entertainment,4057901,0.025,2020-07-27
299,Ultra Movie Parlour,22900000,5320485069,Movies,1670,India,Film,1248,0,2011-05-17
406,Gusttavo Lima Oficial,19900000,13917423958,Music,416,Brazil,Music,258,5472200,2010-11-09
18,BANGTANTV,75600000,20826993957,Music,2281,South Korea,Music,112,4302450,2012-12-17
19,Sports,75000000,0,Unknown,3,United States,Entertainment,3898122,0.41000000000000003,2006-01-30
20,Justin Bieber,71600000,30608119724,Music,249,Canada,Music,38,4514500,2007-01-15
21,HYBE LABELS,71300000,28634566938,Music,1337,South Korea,Music,46,15250000,2008-06-04
22,Zee TV,70500000,73139054467,Entertainment,129204,India,Entertainment,9,43500000,2005-12-11
23,Pinkfong Baby Shark - Kids' Songs & Stories,68200000,38843229963,Education,2865,United States,Education,23,12050000,2011-12-14
24,Canal KondZilla,66500000,36775585925,Music,2572,Brazil,Music,25,0,2012-03-21
25,ChuChu TV Nursery Rhymes & Kids Songs,65900000,45757850229,Education,633,India,Education,18,10750000,2013-02-09
26,Shemaroo Filmi Gaane,65600000,28648024439,Music,8502,India,Music,47,6482450,2010-06-11
27,Colors TV,64600000,61510906457,Shows,112915,India,Entertainment,10,30300000,2008-06-13
28,T-Series Bhakti Sagar,61000000,29533230328,Music,13,India,Music,4053938,0.255,2018-08-03
29,Dude Perfect,59500000,16241549158,Sports,389,United States,Sports,182,3611800,2009-03-17
30,Movieclips,59500000,59316472754,Film & Animation,39113,United States,Film,11,2922000,2006-04-28
31,Tips Official,59300000,33431802698,Music,4741,India,Music,30,10800000,2007-05-22
32,El Reino Infantil,58400000,57271630846,Music,1510,Argentina,Music,13,15600000,2011-06-02
259,Daniel LaBelle,24100000,12916159065,Comedy,287,Unknown,Comedy,290,10150000,2009-03-11
33,Wave Music,58000000,40602020243,Music,19487,India,Music,21,5898050,2014-10-29
34,Aaj Tak,57600000,25307753534,News & Politics,283775,India,News,71,11750000,2009-08-27
35,Sony Music India,57200000,28837144516,Music,3882,India,Music,45,6588950,2009-09-02
36,EminemMusic,56900000,27073872856,Music,156,United States,Music,59,6640300,2007-02-09
39,LooLoo Kids - Nursery Rhymes and Children's Songs,54000000,32312431239,Music,11,Unknown,Unknown,3800129,4.24,2016-11-29
40,Ed Sheeran,53500000,30367676736,Music,383,United Kingdom,Music,39,5154100,2006-08-08
41,Infobells - Hindi,53300000,30516172739,Education,577,India,Education,37,20800000,2014-06-06
42,Taylor Swift,52900000,29884657286,Music,216,United States,Music,40,13500000,2006-09-20
43,Ariana Grande,52700000,24004842608,Music,147,United States,Music,78,4090300,2007-01-22
44,BillionSurpriseToys  - Nursery Rhymes & Cartoons,52200000,9877365274,Education,847,United States,Education,450,6800100,2013-10-25
45,JuegaGerman,48100000,14631710289,Gaming,2052,Chile,Games,237,1699600,2013-05-19
46,Billie Eilish,47900000,13626331061,Music,65,United States,Music,263,3720300,2013-02-06
47,Get Movies,47500000,30788679536,Entertainment,3322,Russia,Film,35,7809800,2006-12-16
48,Shemaroo,47400000,22519705183,Entertainment,11451,India,Entertainment,97,5949100,2007-09-01
49,Badabun,46800000,19398045702,Entertainment,1,Unknown,Music,4047729,11,2007-07-21
50,SonyMusicIndiaVEVO,46600000,27286058807,Music,3444,United States,Music,55,8021750,2009-09-02
51,A4,46300000,22936630813,Gaming,1,Cuba,People,4053056,2.64,2006-03-11
52,Bad Bunny,46100000,30686342319,Music,1,Unknown,Sports,4046070,0.025,2005-11-15
53,Fernanfloo,46100000,10323391593,Gaming,543,El Salvador,Games,419,850750,2011-05-02
54,Voot Kids,45500000,21388725229,Entertainment,4660,India,Entertainment,105,5951000,2016-11-23
55,Felipe Neto,45200000,16602198273,Entertainment,4331,Brazil,Entertainment,174,3345550,2006-05-16
56,Vocï¿½ï¿½ï¿½,44700000,7828610828,Entertainment,1558,Brazil,Entertainment,681,1222050,2013-09-01
57,HAR PAL GEO,44600000,41139050371,Entertainment,100755,Pakistan,Entertainment,20,34100000,2008-01-02
58,BRIGHT SIDE,44500000,10708531817,Howto & Style,0,Unknown,Unknown,4057944,0,2005-11-18
59,Katy Perry,44200000,25458952022,Music,128,United States,Music,70,3401350,2008-06-01
60,whinderssonnunes,44200000,4274709210,Comedy,558,Brazil,Comedy,1741,690050,2013-01-21
61,ABS-CBN Entertainment,44200000,50292540392,People & Blogs,193890,Philippines,Entertainment,16,4514950,2008-07-16
62,Alan Walker,43700000,12884264778,Music,8,Thailand,Film,4056116,0.535,2006-05-12
63,HolaSoyGerman.,43600000,4831311245,Entertainment,6,Unknown,People,4047806,0.1,2016-05-27
64,Shakira,43500000,27568757295,People & Blogs,326,Colombia,Howto,52,9050000,2005-10-16
96,ABP NEWS,37000000,13102611515,People & Blogs,301308,India,News,280,6800600,2012-06-01
65,ýýýýýýýý ýý ýýýýýýýýýýýýýý,43200000,36458726976,Film & Animation,1478,Russia,Education,26,7755650,2011-05-31
66,ARY Digital HD,43200000,37939780685,Entertainment,109871,Pakistan,Entertainment,24,29300000,2016-07-11
67,Speed Records,42500000,26820902622,Music,10938,India,Music,62,4089650,2012-11-22
68,Masha and The Bear,42400000,24519022988,Shows,1218,United States,Film,74,17100000,2014-09-17
69,Like Nastya Show,42400000,19547696190,Entertainment,618,United States,Entertainment,128,1379800,2017-11-14
70,Rihanna,41900000,22477745835,Entertainment,84,Barbados,Music,98,4674400,2005-11-06
71,Ishtar Music,41400000,17608931161,Trailers,4510,India,Music,155,4621400,2005-09-22
72,Kimberly Loaiza,41300000,5603111948,People & Blogs,291,Mexico,People,1157,3505100,2016-11-16
73,Little Baby Bum - Nursery Rhymes & Kids Songs,40900000,39450824833,Education,2423,United States,Education,22,2498150,2011-06-22
74,Luisito Comunica,40600000,8670473639,Comedy,0,Mexico,Comedy,3612215,0,2010-06-18
75,elrubiusOMG,40400000,7410536668,Gaming,703,Unknown,Entertainment,756,147200,2011-12-20
76,Toys and Colors,40300000,47005053156,Entertainment,4,Unknown,People,3989650,0.13,2018-06-14
77,shfa2 - ï¿½ï¿½,39700000,23884824160,People & Blogs,1596,United Arab Emirates,People,81,6321600,2017-11-06
78,LUCCAS NETO - LUCCAS TOON,39400000,22302547082,People & Blogs,1,Unknown,Games,4057895,0.055,2021-03-25
79,CarryMinati,39200000,3294013141,Comedy,186,India,Comedy,2487,2018050,2014-10-30
80,XXXTENTACION,39200000,10507474316,Music,133,United States,Music,403,1487550,2015-06-23
81,Super Simple Songs - Kids Songs,39200000,44900897958,Education,744,Canada,Education,19,14300000,2006-09-08
82,Mikecrack,39100000,16118181673,Gaming,1876,Spain,Games,188,6746150,2015-07-13
83,WorkpointOfficial,39000000,36131228583,Entertainment,72580,Thailand,Entertainment,27,3345700,2012-11-05
84,GR6 EXPLODE,38900000,25154232306,Music,3043,Brazil,Music,73,41700000,2014-08-05
90,Sony PAL,38200000,28519339489,Shows,24089,India,Entertainment,49,10600000,2014-05-09
91,Daddy Yankee,38000000,22731415608,Music,505,United States,Music,92,5258400,2011-05-16
92,Vlad vï¿½ï¿½ï,37900000,23510152352,Unknown,515,United States,Entertainment,84,6216150,2018-07-20
93,Like Nastya ESP,37600000,18208196857,Entertainment,743,United States,Entertainment,145,8181550,2017-04-22
94,ýýýýýýýýýýýý one31,37500000,27262462114,Entertainment,117152,Thailand,Entertainment,56,3611150,2013-01-10
95,Jkk Entertainment,37200000,16402066717,Comedy,220,India,Comedy,178,1274800,2017-03-20
97,Maria Clara & JP,37000000,24188861917,People & Blogs,744,Brazil,Entertainment,75,6427150,2015-09-06
98,Bruno Mars,36700000,19378155425,Music,99,United States,Music,134,4462850,2006-09-19
99,Maroon 5,36600000,22553923546,Music,171,United States,Music,96,3879250,2006-03-09
100,Ultra Bollywood,36600000,15653786446,Trailers,9168,India,Entertainment,205,0,2009-10-21
101,PowerKids TV,36500000,18961241905,Film & Animation,5621,Unknown,Film,139,8128050,2014-08-06
103,News,36300000,0,Unknown,0,Unknown,Unknown,4057944,0,2013-09-09
104,Ozuna,36200000,23355801606,Music,196,Unknown,Music,87,4303850,2016-03-24
105,MrBeast Gaming,36100000,6331332547,Gaming,5,Unknown,Comedy,4057305,1.05,2011-02-26
106,La Granja de Zenï¿½,35700000,27118354077,Music,654,Argentina,Music,58,7703100,2013-06-06
107,Saregama Music,35500000,15657673422,Entertainment,7566,India,Music,199,13600000,2013-01-04
108,IndiaTV,35500000,16105023749,News & Politics,273255,India,News,185,7436250,2006-08-26
109,T-Series Bollywood Classics,35400000,22637783517,Music,2010,India,Music,94,8447200,2012-04-02
110,Total Gaming,35400000,5556364230,Gaming,1,Unknown,Autos,4056447,1.58,2006-07-15
111,Markiplier,35200000,20297931219,Gaming,5490,United States,Games,119,3241000,2012-05-26
112,Ryan's World,35200000,55299840198,Entertainment,2453,United States,Entertainment,15,6107900,2015-03-17
113,Genevieve's Playhouse - Learning Videos for Kids,34900000,25607397308,Education,617,United States,Film,69,8550000,2016-01-06
114,T-Series Apna Punjab,34600000,21306315429,Music,0,Unknown,News,4057944,0,2020-07-09
115,Techno Gamerz,34400000,9690499664,Gaming,1,Unknown,Games,4057311,2.13,2010-05-19
116,Geet MP3,34300000,12746535822,Music,679,India,Music,299,2602050,2016-10-22
117,J Balvin,34100000,23005313609,Music,141,Colombia,Music,89,3293050,2011-02-18
118,Jess No Limit,34000000,3963007415,Entertainment,2284,Indonesia,Entertainment,1882,13950000,2017-09-07
119,Jingle Toons,34000000,11351015824,Film & Animation,240,India,Film,360,4569850,2013-01-24
120,VEGETTA777,33800000,15432929204,Gaming,7606,Spain,Games,211,1008650,2008-03-02
121,Galinha Pintadinha,33800000,27274550757,Film & Animation,66,Brazil,Film,54,10300000,2006-08-30
122,SSSniperWolf,33700000,23492684419,Gaming,3366,United States,Entertainment,83,5366450,2013-01-20
123,Desi Music Factory,33700000,10189027455,Music,2,Unknown,Music,4057699,0,2018-04-10
124,Selena Gomez,33600000,13013567335,Film & Animation,188,United States,Music,288,2973700,2008-02-08
125,Rajshri,33500000,14864294792,Music,3741,India,Entertainment,222,6958400,2006-03-24
126,Ch3Thailand,33500000,29611914495,Entertainment,96214,Thailand,Entertainment,41,0,2014-05-29
127,KHANDESHI MOVIES,33500000,11405809704,Comedy,217,India,Comedy,357,637100,2013-11-11
128,NoCopyrightSounds,33400000,10530729078,Music,1331,United Kingdom,Music,402,1433500,2011-08-14
129,CVS 3D Rhymes & Kids Songs,33400000,20269857567,Education,338,India,Education,120,3454150,2008-08-26
130,Ricis Official,33300000,5994136760,People & Blogs,2736,Indonesia,Entertainment,1043,3985650,2016-01-15
131,BabyBus - Kids Songs and Cartoons,32800000,26355088167,Education,2122,United States,Education,64,3241250,2016-07-15
132,Eros Now Music,32700000,17853798780,Entertainment,1521,India,Entertainment,8055,516700,2012-03-14
133,BETER Bï¿½ï¿½,32700000,19180039918,Unknown,2738,Turkey,Games,137,37300000,2012-12-12
134,DisneyMusicVEVO,32700000,28516250629,Music,2068,United States,Music,50,8394800,2010-05-20
136,WowKidz,32200000,16613441479,Film & Animation,2,Unknown,Entertainment,4053139,0.025,2006-12-16
137,KAROL G,32100000,18699145555,Music,134,Colombia,Music,140,11900000,2013-03-14
138,Mr Bean,32100000,10602236110,Shows,3091,United Kingdom,Comedy,400,1434800,2006-01-04
139,rezendeevil,32100000,13061739758,Gaming,11882,Brazil,Entertainment,287,1116750,2012-02-12
140,StarPlus,32000000,26800674545,Entertainment,44892,India,Entertainment,60,42500000,2006-05-19
141,SMTOWN,31900000,27330239663,Music,4158,Unknown,Music,53,5950100,2006-03-18
142,GMA  Network,31900000,19428308461,Entertainment,93311,Philippines,Entertainment,129,20350000,2006-11-20
143,GENIAL,31800000,6762424690,Howto & Style,6734,Mexico,Howto,884,797200,2017-06-01
144,MR. INDIAN HACKER,31700000,5711208484,Science & Technology,929,India,Tech,1132,2763700,2012-06-21
145,Worldwide Records Bhojpuri,31700000,16476978876,Music,6518,India,Music,177,2868950,2012-03-15
146,DONA ï¿½ï¿½,31700000,21031745531,Entertainment,166,United States,Entertainment,110,3929900,2018-04-05
147,Dream,31700000,2930015381,Gaming,116,United States,Games,2986,690550,2014-02-08
148,Lucas and Marcus,31600000,11615848291,Entertainment,1321,United States,Entertainment,339,7968150,2011-01-19
149,JustinBieberVEVO,31600000,26583873105,Music,204,United States,Music,63,2657700,2009-09-26
150,Luis Fonsi,31400000,15176762479,Entertainment,0,Unknown,Unknown,4057944,0,2006-03-31
151,Peppa Pig - Official Channel,31400000,22919271731,Film & Animation,3589,United Kingdom,Education,91,6267400,2013-10-09
152,YOLO AVENTURAS,31200000,9673649438,People & Blogs,65,Venezuela,Comedy,3361188,91.5,2018-12-16
153,The Tonight Show Starring Jimmy Fallon,31200000,17111726160,Comedy,8976,United States,Comedy,166,0,2006-01-08
154,TheDonato,31200000,6187804950,Entertainment,3027,Argentina,Games,997,4886000,2015-02-17
155,ImagineDragons,30700000,16793072362,Music,92,United States,Music,169,4833250,2009-08-03
156,Diana and Roma ESP,30700000,12355992466,Unknown,578,United States,Entertainment,313,2604500,2016-11-27
157,Round2hell,30700000,3145161634,Comedy,67,India,Entertainment,2687,797750,2016-10-20
158,Zee News,30500000,16709857823,News & Politics,180092,India,News,168,11800000,2007-06-19
159,AboFlah,30500000,4521573939,Gaming,641,Kuwait,Entertainment,1573,4036850,2016-07-28
160,AH,30400000,4332274962,Entertainment,2197,Indonesia,Entertainment,1701,532150,2014-01-26
161,Trap Nation,30400000,14037426379,Music,2725,United States,Music,255,1168750,2012-09-23
162,ýýýýýýýýýýýýýýý ýýýýýý ýýýýýýýýýýýýýýýýýý,30400000,17999961915,Unknown,532,United States,Entertainment,147,3134400,2018-11-03
163,Boram Tube Vlog [ï¿½ï¿½ï¿½ï¿½ï¿½ï¿½ï¿½ï¿½ï¿,30300000,13546549817,Entertainment,223,United States,Entertainment,269,584100,2012-02-21
164,Adele,30200000,14199108016,Music,15,United Kingdom,Music,248,3505650,2008-04-04
165,Talking Tom,30200000,15199330166,Comedy,2,United States,Entertainment,4057345,0,2008-06-27
166,ýýýýýýýý ýýýýýýýý ýýýýýýýýýý | toyoraljanahtv,30200000,27684955537,Entertainment,3254,Jordan,Music,51,2974650,2008-11-24
167,Frost Diamond,30100000,7277493940,Gaming,0,Unknown,Unknown,4057944,0,2006-08-10
168,Spinnin' Records,30100000,19607009165,Music,11501,Netherlands,Music,127,2550050,2007-07-12
169,Little Angel: Nursery Rhymes & Kids Songs,30100000,22593193994,Education,1349,United States,Education,95,2761300,2015-12-14
170,jacksepticeye,30100000,16246625836,Gaming,5114,Unknown,Games,183,1010650,2007-02-24
171,Shawn Mendes,30000000,12831200855,Music,133,Canada,Music,295,2283100,2011-01-19
172,ashish chanchlani vines,29800000,4457913639,Comedy,151,India,Comedy,1622,689250,2009-07-06
173,Ultra Records,29600000,17208027242,Music,4903,United States,Music,165,2072850,2006-10-24
174,Popular on YouTube,29300000,0,Unknown,3,Unknown,Education,4019724,0.025,2017-08-07
175,Maluma,29300000,21226945136,Music,14,Argentina,People,4051498,0.385,2015-10-31
176,Zhong,29200000,14727238483,Entertainment,1513,United States,Entertainment,230,0,2015-01-19
177,Enaldinho,29200000,11627437847,Comedy,3654,Brazil,Games,338,7704650,2012-11-07
178,AuronPlay,29200000,4079141673,Comedy,404,Spain,Comedy,1852,309650,2006-02-28
179,Shorts Break,29000000,19466238065,Comedy,42,Unknown,Unknown,3997024,1541,2021-01-28
180,infobells - Tamil,28900000,17930570614,Education,555,India,Education,149,2814750,2014-03-13
181,Aditya Music India,28500000,25857994495,Music,0,Unknown,Music,4057944,0,2010-12-16
182,The Late Late Show with James Corden,28400000,9956764048,Entertainment,5809,United States,Entertainment,445,689650,2006-11-21
183,Aditya Movies,28400000,10062770060,Movies,5436,India,Film,432,5791050,2012-02-23
184,Masha y el Oso,28300000,13577142726,Film & Animation,6,Unknown,Unknown,4057907,0.055,2019-07-21
185,infobells - Telugu,28300000,14814192034,Education,505,India,Education,223,7332150,2014-03-13
186,HUM TV,28300000,23844936965,Entertainment,106983,Pakistan,Entertainment,80,17500000,2011-05-25
187,Shemaroo Movies,28200000,7600740993,Entertainment,3009,India,Film,721,4727450,2011-03-01
188,Michael Jackson,28200000,14412474625,Music,15,United States,Music,242,4037900,2005-06-22
189,Drake,28100000,15318895118,Music,3,Unknown,Film,4011030,0.545,2005-09-23
190,Goldmines Dishoom,28000000,8603468420,Film & Animation,3878,Unknown,Film,587,3293800,2016-11-26
191,Sandeep Maheshwari,27800000,2303069221,People & Blogs,0,Singapore,Unknown,4057944,0,2008-01-02
192,Bounce Patrol - Kids Songs,27800000,21037851468,Music,292,Australia,Music,111,3241150,2013-01-01
193,toycantando,27700000,15777682516,Music,619,Colombia,Music,197,4410750,2009-07-07
194,MrBeast 2,27500000,4552581106,People & Blogs,27,United States,Music,2161873,0,2011-06-23
195,Wiz Khalifa,27500000,13379395501,Music,682,United States,Music,275,2285650,2008-05-09
196,JYP Entertainment,27400000,19883150017,Music,1753,South Korea,Music,124,7861450,2008-01-25
197,ýýý Kids Roma Show,27400000,10336420490,People & Blogs,642,United States,Entertainment,418,4463750,2015-05-12
198,DanTDM,27400000,19417887510,Gaming,3664,United Kingdom,Games,132,2018000,2012-07-14
199,Nick Jr.,27300000,22440611155,Film & Animation,5438,United States,Entertainment,100,1063800,2012-09-27
200,Crazy XYZ,27300000,7705492350,Entertainment,1259,India,Tech,707,2603350,2017-09-10
201,ToyPuddingTV,27100000,15916882228,Entertainment,2,Unknown,People,4052296,0.35500000000000004,2017-06-07
202,Dushyant kukreja,27100000,17318452893,Entertainment,889,India,Entertainment,159,10950000,2015-09-26
203,Gulshan Kalra,27100000,12732444881,Howto & Style,545,Unknown,Howto,296,12800000,2018-04-09
204,Brent Rivera,27000000,6570935979,Comedy,554,United States,Entertainment,909,3666700,2009-08-01
205,Renato Garcia YT,26900000,7938616641,Entertainment,3956,Brazil,Entertainment,664,2124350,2011-09-29
206,Beast Reacts,26700000,4388047013,People & Blogs,241,United States,Entertainment,1632,7064300,2016-04-24
207,enchufetv,26700000,10317306313,Comedy,975,Colombia,Comedy,420,636550,2011-11-13
208,Netflix,26700000,7173668905,Entertainment,6471,United States,Entertainment,797,3027350,2012-07-17
209,Raffy Tulfo in Action,26500000,15065753455,News & Politics,10022,Philippines,News,219,4144700,2016-04-20
210,WORLDSTARHIPHOP,26500000,20358117330,Music,6873,United States,Music,117,2283650,2008-11-08
211,Goldmines Bollywood,26400000,8595760553,Film & Animation,3622,India,Film,588,2549500,2015-07-22
212,Alan Chikin Chow,26400000,27006526665,Comedy,865,United States,Comedy,61,26650000,2020-02-03
213,PANDA BOI,26400000,17211600007,Entertainment,967,Italy,Entertainment,158,31250000,2020-12-05
214,BB Ki Vines,26300000,4749833967,Entertainment,190,India,Entertainment,1462,440200,2015-06-20
215,D Billions,26200000,31977463002,Unknown,775,United States,Entertainment,33,12450000,2019-07-27
216,Junya.ï¿½ï¿½ï¿½ï¿½,26200000,16097531087,Entertainment,5985,Japan,Entertainment,184,18400000,2020-09-14
217,Smosh,26100000,10435474336,Comedy,1619,United States,Comedy,410,1752250,2005-11-19
218,1MILLION Dance Studio,26100000,7886440199,Entertainment,0,Saudi Arabia,Music,4057944,0,2019-07-13
219,NichLmao,26000000,14101010609,People & Blogs,868,Unknown,People,249,15450000,2018-09-25
220,Beyoncï¿,26000000,17308961985,Music,240,United States,Music,163,1433200,2005-11-07
221,Marï¿½ï¿½ï¿½ï¿½ï¿½,26000000,18597534412,Music,1,Unknown,Music,4057142,0.07500000000000001,2008-06-14
222,Indosiar,25900000,11372071889,Music,65286,Indonesia,Entertainment,358,5845250,2013-09-23
223,VanossGaming,25800000,15541421838,Gaming,1762,Canada,Games,206,1382400,2011-09-15
224,David Guetta,25700000,17793809548,Music,749,United States,Music,153,4196300,2009-12-11
225,LosPolinesios,25700000,7466926260,People & Blogs,982,Mexico,People,746,795750,2012-12-16
226,Nicki Minaj,25700000,10242981063,Music,42,United States,Music,425,2655450,2013-08-28
227,Fede Vigevani,25600000,7962725960,Howto & Style,0,Unknown,Unknown,4057944,0,2019-08-01
228,TaylorSwiftVEVO,25600000,25592378292,Music,287,United States,Music,67,8127900,2009-05-12
229,ZHC,25500000,2726917087,Film & Animation,5,Unknown,Entertainment,4042995,0.51,2006-01-24
230,Post Malone,25500000,14401218086,Music,78,United States,Music,243,4993250,2011-12-15
231,Rans Entertainment,25400000,6430853035,People & Blogs,3716,Indonesia,Entertainment,942,1487750,2015-12-27
232,LankyBox,25400000,34300482066,Comedy,8775,United States,Games,29,20750000,2016-07-30
234,Las Ratitas,25200000,9602246828,People & Blogs,4,Unknown,People,4051936,0.28,2019-05-31
235,WB Kids,25200000,11081602368,People & Blogs,2025,United States,Film,375,3560500,2015-03-31
236,ABPLIVE,25200000,7968363381,People & Blogs,12,Unknown,People,4026389,0.055,2014-07-26
238,The Lallantop,25200000,10409352249,News & Politics,51129,India,News,408,6960900,2015-03-23
239,RihannaVEVO,25100000,19458807708,Music,118,United States,Music,130,2391350,2009-05-12
240,WatchMojo.com,25100000,16357064198,Music,24837,Canada,Entertainment,180,1273500,2007-01-25
241,TRANS7 OFFICIAL,25000000,14169516119,Entertainment,89179,Indonesia,Entertainment,251,3134800,2014-09-04
242,Anuel AA,25000000,14827085149,Music,147,Colombia,Music,225,7226200,2016-09-08
243,Dan Rhodes,24800000,17387583720,Entertainment,1644,United Kingdom,Entertainment,157,8447850,2015-10-30
135,The Weeknd,32600000,23379969006,Music,169,Canada,Music,85,9500000,2011-02-25
244,Yuya,24800000,2588501115,Howto & Style,672,Mexico,Howto,3505,8550,2009-09-20
245,America's Got Talent,24800000,3699352704,Entertainment,1894,United States,Entertainment,2122,3451600,2006-06-29
246,mujjuu___14,24800000,14655527943,People & Blogs,872,Unknown,People,234,10200000,2020-05-18
247,EminemVEVO,24700000,20531704527,Music,104,United States,Music,115,3559150,2009-05-12
248,Chloe Ting,24700000,2994726412,Howto & Style,412,Australia,Howto,2897,584900,2011-08-17
249,KatyPerryVEVO,24600000,23755792542,Music,175,United States,Music,82,2283400,2009-12-13
250,Mark Rober,24600000,3647987299,Science & Technology,120,United States,Tech,2178,2282950,2011-10-20
251,1theK (ï¿½ï¿½ï¿½ï¿½ï,24500000,23962070944,Music,18950,South Korea,Entertainment,79,2708350,2011-01-31
252,Like Nastya AE,24400000,12385924995,Entertainment,658,United States,Entertainment,312,4354800,2018-12-19
253,Amit Bhadana,24300000,2380248899,Entertainment,17,Unknown,People,4054185,0.13,2009-12-31
254,Pen Movies,24300000,6608773195,Film & Animation,1667,India,Film,903,2442300,2014-03-25
255,MrBeast en Espaï¿½ï,24200000,2700914170,Entertainment,67,Mexico,Entertainment,3309,850400,2021-07-09
256,shfa show India,24200000,15724160183,Unknown,469,United Arab Emirates,People,203,3876800,2019-04-01
257,Super JoJo - Nursery Rhymes & Kids Songs,24100000,329774870,Unknown,36,United States,Education,40117,8392750,2019-05-31
258,Alejo Igoa,24100000,10999000479,Comedy,802,Argentina,Entertainment,376,10250000,2014-01-17
260,netd mï¿½ï¿,24100000,56106087508,Music,23491,Turkey,Music,14,10850000,2014-01-23
261,DJ Snake,24100000,8425505919,Music,252,United States,Music,602,1594950,2008-09-24
262,Diana and Roma ARA,24100000,11041261296,Unknown,590,United States,Entertainment,379,1700350,2019-02-01
263,KSI,24100000,6002166932,Entertainment,1252,United Kingdom,Music,1053,138700,2009-07-25
264,Spider Slack,24000000,13943030228,Comedy,901,Brazil,Comedy,252,19400000,2020-05-18
265,Goldmines Movies,24000000,5652938599,Film & Animation,3,Unknown,People,4057888,0.07500000000000001,2018-04-30
266,Preston,24000000,8279004442,Gaming,4009,United States,Entertainment,621,3877550,2012-07-04
267,James Charles,23900000,4067878931,Entertainment,505,United States,Entertainment,1860,1487200,2015-12-01
268,Collins Key,23900000,6582932625,Entertainment,257,United States,Entertainment,911,276750,2011-08-09
269,Diana and Roma EN,23900000,7213499085,People & Blogs,511,United States,Entertainment,787,4516650,2011-12-22
270,Venus Entertainment,23800000,5663125358,Entertainment,70,Unknown,Entertainment,367929,797.5,2016-05-17
271,Troom Troom,23800000,10414479943,Howto & Style,2425,United States,Howto,412,2497100,2015-09-12
272,Enrique Iglesias,23800000,17688774915,Music,443,United States,Music,154,3134350,2007-04-12
273,Ninja,23700000,2543809954,Gaming,1732,United States,Games,3590,213400,2011-11-11
274,FaZe Rug,23700000,7451792132,Gaming,0,Canada,Games,4057944,0,2012-11-30
275,Mister Max,23700000,15510153803,People & Blogs,1099,United Kingdom,Entertainment,208,849200,2014-09-22
276,That Little Puff,23700000,20289689389,Pets & Animals,769,United States,Animals,118,19250000,2020-08-29
277,NickyJamTV,23600000,15901824841,Music,392,Unknown,Music,193,1966900,2012-01-10
278,Juan De Dios Pantoja,23600000,2135644776,Entertainment,226,Mexico,People,4529,1170300,2014-06-09
279,Logan Paul,23600000,5994002464,Entertainment,719,United States,Entertainment,1057,275500,2015-08-29
280,Maya and Mary,23600000,6766461070,Entertainment,552,United States,Entertainment,883,1116800,2013-08-30
327,National Geographic,21800000,5614621131,Science & Technology,10162,United States,Entertainment,1158,1168700,2006-05-07
281,Peppa Pig Espaï¿½ï¿½ï¿½ï¿½ï¿½ï¿½ï¿½ï¿½ï¿½,23600000,7920637200,Film & Animation,1251,United Kingdom,Film,668,1380400,2014-07-28
282,Jelly,23500000,14777034543,Gaming,6066,United Kingdom,Games,229,1062500,2014-05-27
283,Miss Katy,23500000,14696994366,People & Blogs,1044,United Kingdom,Entertainment,235,1539450,2014-11-17
284,Tilak,23400000,9465863821,Film & Animation,6672,India,Film,493,9350000,2020-10-10
285,Valentina Pontes ofc,23400000,7926899136,Film & Animation,1291,Brazil,Entertainment,667,742450,2014-04-14
286,Sesame Street,23300000,22471357411,Entertainment,3657,United States,Entertainment,99,3186300,2006-01-16
287,Happy Lives,23200000,2634,Science & Technology,1,United States,Entertainment,4053372,0,2016-03-15
288,Lady Gaga,23200000,15751661213,People & Blogs,172,United States,Music,198,3664750,2008-05-15
289,Akshay Nagwadiya,23200000,7966720147,Entertainment,595,Unknown,Entertainment,660,8181750,2017-10-25
290,Wave Music Bhojpuri,23100000,12889240875,Music,22578,India,Music,293,1329000,2014-08-10
291,GMM GRAMMY OFFICIAL,23100000,25579831081,Music,15462,Thailand,Music,68,3345350,2010-11-08
292,TED,23100000,2551113422,People & Blogs,4445,United States,Tech,3568,337750,2006-12-06
293,unknown boy varun,23100000,9299371231,Music,456,India,Music,506,7756050,2016-09-27
294,Kids TV - Nursery Rhymes And Baby Songs,23100000,13151870846,Shows,3781,United States,Music,282,3292650,2013-08-30
295,Tsuriki Show,23000000,31494513067,Entertainment,2905,Germany,Comedy,34,19300000,2019-07-10
296,Technical Guruji,23000000,3378047383,Science & Technology,5041,India,Tech,2420,583400,2015-10-19
297,DrossRotzank,23000000,6041264489,Entertainment,1598,Argentina,Entertainment,1040,903300,2006-03-09
298,White Hill Music,23000000,10939966484,Entertainment,5718,India,Music,382,2389750,2014-03-23
300,Alan Becker,22900000,5380073627,Film & Animation,0,United States,Games,4057944,0,2006-03-21
301,toyorbabytv,22900000,16298342829,Music,1159,Jordan,Music,181,4303600,2012-11-01
302,BabyBus - Canciones Infantiles & Videos para Niï¿½ï,22900000,13206471140,Education,1251,Mexico,Education,278,3505250,2018-03-19
303,KL BRO Biju Rithvik,22800000,17988347989,Entertainment,1841,Unknown,Entertainment,143,51850000,2020-07-21
304,Vania Mania Kids,22700000,10115316784,People & Blogs,985,United States,Education,438,3982800,2015-09-09
305,Like Nastya PRT,22700000,11568118121,Entertainment,654,Unknown,Entertainment,344,2444900,2019-04-09
306,Sun TV,22600000,20847038152,People & Blogs,60964,India,Entertainment,109,25000000,2016-02-26
307,Heroindori,22600000,9223534599,Comedy,495,India,Entertainment,508,10200000,2020-06-29
308,The Chainsmokers,22600000,14231943358,Music,180,United States,Music,246,2072500,2012-09-22
309,mmoshaya,22600000,17507060680,People & Blogs,1189,Saudi Arabia,Entertainment,156,1860750,2010-12-11
310,Sia,22600000,13405849040,Music,171,United States,Music,273,2442900,2007-11-19
311,LeoNata Family,22600000,27084848152,People & Blogs,2321,United States,People,57,29900000,2021-09-28
312,Goldmines Cineplex,22500000,2431154438,Film & Animation,3377,India,Film,3793,1223100,2015-09-12
313,Vlad and Niki Arabic,22500000,10613701948,Unknown,526,United States,Entertainment,399,1647600,2018-11-09
314,SSundee,22500000,13835173331,Gaming,3315,United States,Games,261,4462650,2009-11-28
315,Paulo Londra,22400000,8040036209,Music,58,Argentina,Music,648,1858350,2016-08-08
316,Smile Family,22300000,8663830163,People & Blogs,34,France,Music,3805801,18.5,2019-11-03
317,FGTeeV,22300000,24059336857,Gaming,1724,United States,Games,77,3348150,2013-05-24
318,Kinder Spielzeug Kanal (Kidibli),22200000,11136266461,Entertainment,999,United States,Entertainment,370,3559000,2015-09-25
319,Charlie Puth,22000000,9924807127,Music,157,United States,Music,449,2867250,2009-09-09
320,Vlad and Niki ESP,22000000,8594440895,Unknown,515,United States,Entertainment,591,4675800,2018-10-11
321,Sagawa /ï¿½ï¿½ï¿½,22000000,18347969186,Entertainment,6274,Japan,Entertainment,144,18100000,2021-02-13
322,Ben Azelart,21900000,4454917643,Film & Animation,301,United States,Entertainment,1620,4727400,2014-06-05
323,Zach Choi ASMR,21900000,5918314128,People & Blogs,946,United States,People,1069,5951350,2014-07-05
324,Topper Guild,21900000,15552070846,Comedy,816,United States,Comedy,204,17550000,2014-07-09
325,Disney Latinoamï¿½ï¿½,21900000,20657571751,Entertainment,116,Mexico,Music,1277277,120.5,2008-04-07
326,Stokes Twins,21800000,4469711607,People & Blogs,257,United States,People,1610,5046950,2008-04-11
328,Dua Lipa,21800000,11288359365,Music,164,United Kingdom,Music,368,3242050,2011-02-05
329,OneDirectionVEVO,21800000,12140232004,Music,266,United Kingdom,Music,322,1326700,2010-12-04
330,Rotana,21800000,19329351143,Music,135,Unknown,Music,926975,269.5,2011-10-27
331,Netflix India,21800000,7780934187,People & Blogs,1,Unknown,People,4052308,0,2017-09-24
332,Sourav Joshi Vlogs,21700000,9392093496,People & Blogs,1390,Unknown,People,498,6748000,2019-02-19
333,ZAMZAM ELECTRONICS TRADING,21700000,8507818877,Unknown,15126,United Arab Emirates,People,608,40750000,2020-12-19
334,DUDU e CAROL,21600000,9597894786,Autos & Vehicles,2942,Brazil,Entertainment,481,4939750,2013-03-02
335,Village Cooking Channel,21600000,5863377051,Howto & Style,219,India,Howto,1082,4941900,2018-04-25
336,Eva Bravo Play,21600000,9346383505,Entertainment,228,United States,Entertainment,507,1645900,2019-05-07
337,Tekashi 6ix9ine,21500000,5890180734,People & Blogs,51,United States,Music,1081,2870300,2018-04-06
338,Tlnovelas,21500000,15013096899,News & Politics,158,Mexico,Entertainment,1936958,394,2014-01-02
339,SMOL,21500000,22065582014,People & Blogs,6,Unknown,Music,4057657,0.07500000000000001,2006-04-02
340,invictor,21500000,8409641722,Gaming,17,Chile,People,4038708,1.075,2016-07-26
341,YOLO,21400000,1573058816,Comedy,0,Germany,Unknown,4057944,0,2013-06-11
342,Sidhu Moose Wala,21400000,6264261757,Music,114,India,Music,987,4091050,2017-10-30
343,The Royalty Family,21300000,6269945014,People & Blogs,733,United States,People,982,4090350,2017-04-13
344,Becky G,21300000,10644857969,Music,78,United States,Music,396,2654750,2011-09-06
345,Ishaan Ali 11,21300000,12761253839,People & Blogs,951,India,People,301,18600000,2016-07-27
346,Infinite,21300000,5141834668,Entertainment,1608,United States,Entertainment,1296,1752550,2014-08-21
347,Azhan5star,21300000,10047736580,Entertainment,669,India,Entertainment,436,6004450,2021-02-02
348,Dangal TV Channel,21300000,12895427184,Entertainment,20225,India,Entertainment,291,14300000,2017-08-02
349,Khan GS Research Centre,21200000,2073073070,Education,1,Unknown,People,4057930,0,2017-01-05
350,GMA Public  Affairs,21200000,11364908616,Entertainment,31989,Philippines,News,359,3613500,2009-08-08
351,Tasty,21100000,5783557209,Howto & Style,4728,United States,Howto,1113,637050,2016-01-22
352,Baim Paula,21100000,4526271677,People & Blogs,2325,Indonesia,Entertainment,1583,690450,2016-06-04
353,nigahiga,21000000,4380564906,Entertainment,403,United States,Entertainment,1671,63150,2006-07-21
354,Rafa & Luiz,21000000,7762905663,Entertainment,2883,Brazil,Entertainment,695,3027600,2015-08-26
355,Lyrical Lemonade,21000000,10631638628,Entertainment,420,United States,Entertainment,398,2020100,2013-03-25
356,Vlad and Niki IDN,21000000,9789121606,Unknown,498,United States,Entertainment,464,3400050,2018-11-09
357,Dr. Vivek Bindra: Motivational Speaker,20900000,1693149479,Education,896,India,Education,6082,742900,2013-12-06
358,Fatos Desconhecidos,20900000,3828000587,Entertainment,6262,Brazil,Entertainment,2033,1328500,2013-09-26
359,Brave Wilderness,20900000,4927879069,Pets & Animals,982,United States,Animals,1396,0,2014-09-08
360,LIV Crime,20900000,11058049885,People & Blogs,9850,United States,People,372,9800000,2020-08-18
361,Minecraft - Topic,20900000,0,Unknown,0,Unknown,Games,4057944,0,2013-12-20
362,Romeo Santos,20900000,17324976752,Music,6,United States,Music,2595710,2.65,2006-07-31
363,Canal Canalha,20800000,1870608170,Comedy,288,Brazil,Comedy,5407,585850,2011-04-08
364,Kurzgesagt ï¿½ï¿½ï¿½ï¿½ï¿½ï¿,20800000,2378448129,Education,193,Germany,Education,3914,743900,2013-07-09
365,Yoeslan,20700000,17963202261,Entertainment,619,United States,Entertainment,146,22300000,2020-09-26
366,5-Minute Crafts DIY,20700000,5091618606,Howto & Style,5062,United States,Howto,1334,510300,2018-01-18
367,Zach King,20700000,5410164682,Entertainment,6,Unknown,Entertainment,3997461,3.19,2013-06-05
368,tuzelity SHUFFLE,20700000,8658941531,People & Blogs,889,Russia,People,570,14100000,2015-10-26
370,Deddy Corbuzier,20600000,4956090094,Entertainment,15,Indonesia,Entertainment,3539124,2.13,2007-07-23
371,Bizarrap,20600000,7657171980,Comedy,83,Argentina,Entertainment,711,4939750,2017-01-15
372,Avicii,20600000,10292874715,Music,156,Sweden,Music,421,2071850,2009-10-28
373,Mnet K-POP,20500000,15038593883,Entertainment,33229,South Korea,Entertainment,220,4037800,2006-03-09
374,LazarBeam,20500000,8768697257,Gaming,1323,Australia,Games,565,689100,2015-01-04
375,Ninja Kidz TV,20500000,11009148579,Entertainment,296,United States,Entertainment,377,4992800,2017-02-09
376,Totoy kids - Portuguï¿½,20400000,1796227417,Film & Animation,206,Brazil,Film,5673,1009250,2014-12-02
377,Jake Paul,20400000,7311322368,People & Blogs,1006,United States,People,778,373450,2013-09-19
378,Linkin Park,20400000,13397000296,Music,0,Afghanistan,Games,4057944,0,2006-11-28
379,Vijay Television,20400000,29406206620,Entertainment,51515,India,Entertainment,43,23150000,2007-02-01
380,SlivkiShow,20400000,4707412332,Entertainment,462,Ukraine,Entertainment,1489,743500,2012-12-11
381,Emiway Bantai,20400000,3579555124,Music,239,India,Music,2236,1061950,2013-05-03
382,Got Talent Global,20300000,2441288701,Entertainment,1245,United Kingdom,Entertainment,3750,2179700,2013-01-31
383,ýýýýýýýýýýýýýýý - Genevieve's Playhouse,20300000,11022391339,Education,107,Unknown,Education,380,1807650,2018-07-22
384,BabyBus - Cerita & Lagu Anak-anak,20300000,11819051552,Education,875,Indonesia,Education,332,2869150,2019-01-14
385,Ami Rodriguez,20200000,2951914200,Entertainment,460,Colombia,Entertainment,2959,6745800,2009-07-20
386,Noor Stars,20200000,2764127969,Comedy,693,United Arab Emirates,Entertainment,3238,396700,2014-04-24
387,Family GamesTV,20200000,7066711323,Entertainment,0,Unknown,Games,4057944,0,2012-12-29
388,Kiddiestv Hindi - Nursery Rhymes & Kids Songs,20200000,7274150246,Education,226,India,Education,780,2870150,2017-05-25
389,dednahype,20200000,20919403720,Comedy,1935,Latvia,Comedy,108,31750000,2020-03-20
390,Marta and Rustam,20200000,19694265358,Comedy,761,United States,Comedy,126,11550000,2021-06-21
391,MiawAug,20200000,6098644584,Gaming,3713,Indonesia,Games,1023,1646750,2014-03-15
392,CookieSwirlC,20100000,23353115850,Entertainment,3774,United States,Games,86,5632550,2013-11-03
393,Skrillex,20100000,6618524158,Music,241,United States,Music,905,637900,2010-04-06
394,AuthenticGames,20100000,8920141342,Gaming,4974,Brazil,Games,549,138250,2011-10-07
395,Robin Hood Gamer,20100000,10366850490,Entertainment,0,Unknown,Games,4057944,0,2013-03-16
396,Pencilmation,20100000,11317309935,Film & Animation,1481,United States,Entertainment,366,379000,2007-02-01
397,7clouds,20100000,14816075927,Music,2384,United States,Music,227,7065150,2013-05-25
398,5-Minute Crafts PLAY,20100000,6119294270,Howto & Style,5491,United States,Howto,1014,2708700,2017-10-30
399,Marvel Entertainment,20100000,5634695322,Entertainment,1,United States,Film,4054962,1.595,2011-05-10
400,BuzzFeedVideo,20100000,17913237851,People & Blogs,7737,United States,People,150,232350,2011-08-10
401,REACT,20000000,13154314376,Entertainment,4339,United States,Entertainment,281,584800,2007-06-04
402,Vevo,20000000,559765455,Music,1527,United States,Music,22747,33950,2006-04-14
403,Gordon Ramsay,20000000,3875172235,Entertainment,1527,United Kingdom,Entertainment,2001,1008850,2006-04-29
404,Pentatonix,20000000,6033295543,Music,1,Canada,Entertainment,4051673,0,2006-03-09
405,Green Gold TV - Official Channel,20000000,9715291883,Film & Animation,1476,India,Entertainment,473,0,2011-07-01
407,HaerteTest,19800000,3234880084,Science & Technology,1411,Germany,Tech,2583,144100,2011-09-06
408,Crafty Panda,19800000,5759442450,People & Blogs,760,United States,Entertainment,1120,156500,2017-12-03
409,SOMOY TV,19800000,12293479945,News & Politics,9930,United States,News,1291541,414,2013-11-16
410,JennaMarbles,19700000,1803249241,Comedy,250,United States,Comedy,5665,96100,2010-02-16
411,Troom Troom Es,19700000,7452667615,People & Blogs,2912,Unknown,Howto,747,744100,2016-02-05
412,Official Pink Panther,19700000,10955619815,Film & Animation,1,United States,Games,4052414,0,2011-10-06
413,Britain's Got Talent,19700000,11323617496,Entertainment,4225,United Kingdom,Entertainment,364,1381300,2008-04-12
414,SCTV,19700000,9808676159,Entertainment,267,United Kingdom,Music,2831648,8.5,2006-03-25
415,AS Gaming,19600000,2851024430,Gaming,17,United States,Games,3857915,0.535,2009-03-05
416,Sony AATH,19600000,13930021471,Shows,18661,United States,Entertainment,257,7011300,2013-11-13
417,tabii Urdu,19600000,8779729549,Entertainment,1306,Turkey,Entertainment,562,2816200,2020-04-17
418,DaFuq!?Boom!,19600000,7906181776,Film & Animation,214,United States,Entertainment,656,58750000,2016-06-06
419,Clash of Clans,19600000,3961318438,Gaming,674,United States,Games,1934,583450,2013-01-31
420,RKD Studios,19500000,5234251168,Entertainment,847,India,Entertainment,1265,0,2014-03-14
421,DLS News,19400000,2255542592,News & Politics,4750,India,News,4178,798150,2017-07-05
422,JukiLop,19400000,1577859332,People & Blogs,85,Mexico,People,6674,60700,2017-09-15
423,etvteluguindia,19400000,23038014291,Entertainment,125974,India,Entertainment,88,6959400,2010-03-15
424,FIFA,19400000,5529131886,Sports,10728,Switzerland,Sports,1186,1488300,2006-09-06
425,Manoj  parihar,19300000,264228052,Unknown,335,India,Howto,48846,955750,2021-03-02
426,Vsauce,19300000,2897907132,Science & Technology,462,Unknown,Entertainment,3024,1754400,2007-07-30
427,Unbox Therapy,19300000,4508184467,Science & Technology,2175,Unknown,Tech,1596,426350,2010-12-21
428,shane,19200000,4329121104,People & Blogs,570,United States,Comedy,1705,69650,2005-09-22
429,Sonotek,19200000,7590582024,Entertainment,8285,India,Music,724,743000,2011-01-11
430,Jimmy Kimmel Live,19100000,13124645973,Entertainment,6526,United States,Comedy,283,439650,2006-09-20
431,TheOdd1sOut,19100000,4566120190,Comedy,139,United States,Comedy,1568,796500,2014-08-30
432,Goldmines Great Indian Comedy,19100000,5194942269,Film & Animation,2948,Unknown,Film,1279,1698900,2016-08-29
433,Lil Nas X,19100000,6339584661,Music,37,Unknown,Music,966,1169300,2018-05-19
434,ýýýýýýýýýýýýýý ýýýý,19000000,4924054368,Education,60,United States,Entertainment,1399,532400,2018-02-20
435,SUPER SLICK SLIME SAM,19000000,7229175322,Howto & Style,903,Mexico,Howto,786,3135000,2018-01-23
436,Wow Kidz Action,19000000,8281724393,Film & Animation,1525,India,Entertainment,618,2708550,2017-11-08
437,Turma da Mï¿½ï¿½,19000000,13824277846,Film & Animation,1154,Brazil,Film,260,1965350,2012-07-30
438,Calvin Harris,19000000,16014044618,Music,79,United Kingdom,Music,191,2603600,2007-02-11
439,KBS WORLD TV,19000000,15126092508,Entertainment,64496,South Korea,Entertainment,217,2762000,2007-01-06
440,HiMan,18900000,2855519150,People & Blogs,375,Russia,Entertainment,3094,636850,2014-10-16
441,Masha e o Urso,18900000,8301731337,Shows,0,Unknown,Unknown,4057944,0,2014-02-20
442,Little Angel Espaï¿½ï¿½ï¿½ï¿½ï¿½ï¿½ï¿½ï¿½ï¿½,18900000,9813245108,Education,719,Mexico,Education,459,3560600,2018-01-26
443,TED-Ed,18800000,3654621568,Education,2072,United States,Education,2163,744800,2011-03-01
444,Sidemen,18800000,5257834105,Entertainment,312,United Kingdom,Entertainment,1263,2017250,2015-06-14
445,Cardi B,18800000,7634430188,People & Blogs,9,Unknown,Unknown,4054469,0.18000000000000002,2017-08-15
446,Busy Fun Ltd,18800000,7762077012,Unknown,2,Unknown,Unknown,4057882,0,2021-12-21
447,Farruko,18800000,9573641299,Music,217,United States,Music,485,2496650,2009-10-30
448,ýýýýýýýýýýýýýýýýýýýýýý,18800000,9594188708,Entertainment,530,Ukraine,Entertainment,483,1752000,2014-10-20
449,Triggered Insaan,18800000,3276891538,Comedy,304,India,People,2508,2763550,2014-07-17
450,CKN,18700000,12295637162,Entertainment,16,Spain,Music,3188353,2.655,2005-09-26
451,Ali-A,18700000,6148303268,Gaming,2,Unknown,People,4053443,0.025,2016-07-07
452,Shemaroo Comedy,18600000,6047584292,Entertainment,4487,India,Comedy,1033,2603650,2007-01-31
453,Smile Family Spanish,18600000,7008250496,Unknown,457,United States,Entertainment,830,1115100,2019-06-19
454,GRAMMY GOLD OFFICIAL,18600000,20196704276,Music,6287,Thailand,Music,121,4302900,2014-01-15
455,ýýýýýýýý ýýýýýýýýýý ýýýýýýýýýý | Arab Games Network,18600000,8761255550,Gaming,6289,Saudi Arabia,Games,566,1114500,2013-11-29
456,Dan-Sa / Daniel Saboya,18500000,2908120896,Music,1329,Brazil,Music,45213,0,2007-09-22
457,Marmok,18500000,3457618361,Gaming,374,Russia,Games,2356,957400,2008-04-27
458,The ACE Family,18500000,4558380251,People & Blogs,712,Unknown,People,1572,72300,2016-01-10
459,Like Nastya Vlog,18500000,8147575884,People & Blogs,493,Russia,People,630,1223400,2016-01-14
460,Willie Salim,18500000,4051072188,People & Blogs,679,Indonesia,People,1868,5046050,2014-01-06
461,PDK Films,18400000,4120324310,Entertainment,111,United States,Entertainment,1825,367950,2009-07-21
462,TheWillyrex,18400000,7038827526,Comedy,6943,Spain,Games,825,280600,2011-01-26
463,RsiamMusic : ï¿½ï¿½ï¿½ï¿½ï¿½ï¿½ï¿½ï¿½,18400000,11544297793,Music,3159,Thailand,Music,346,1381200,2011-03-08
464,Dhar Mann,18400000,11280732382,People & Blogs,0,Unknown,Unknown,4057944,0,2007-04-25
465,shakiraVEVO,18400000,25367126292,Music,197,United States,Music,72,6800700,2009-09-02
466,Naisa Alifia Yuriza (N.A.Y),18300000,1606834186,People & Blogs,786,Indonesia,Entertainment,6502,435100,2017-07-08
467,Miley Cyrus,18300000,7760819588,Entertainment,142,United States,Entertainment,696,3241950,2009-09-15
471,INCRï¿½ï¿,18200000,3213324455,People & Blogs,6903,Brazil,Howto,2610,460150,2017-06-20
472,Jake Fellman,18100000,13378360425,Entertainment,420,United States,Entertainment,274,12700000,2012-10-13
473,GEN HALILINTAR,18100000,3306242674,Entertainment,1037,Indonesia,Entertainment,2498,690950,2015-03-04
474,SQUEEZIE,18100000,9983065083,Gaming,1521,France,Entertainment,443,1222150,2011-01-09
475,Blippi - Educational Videos for Kids,18100000,14857290259,Education,707,United States,Education,224,4620600,2014-01-27
476,officialpsy,18100000,10703830496,Music,131,South Korea,Music,393,1647500,2010-10-04
477,Ajay Sharma,18100000,12249828886,Entertainment,0,Unknown,Unknown,4057944,0,2009-10-24
478,Manual do Mundo,18000000,3980991248,Howto & Style,2470,Brazil,Tech,1922,1382150,2006-07-24
479,How Ridiculous,18000000,9601137077,Sports,650,Australia,Sports,478,10000000,2009-09-09
480,And TV,18000000,15412333005,Entertainment,45,United States,Entertainment,4012108,0.1,2006-08-04
481,Sebastiï¿½ï¿½ï¿½,18000000,10463166404,News & Politics,237,United States,Music,406,2816150,2013-03-30
482,SonyMusicSouthVEVO,18000000,17921124985,Music,5692,United States,Music,148,6586400,2014-07-14
484,BeatboxJCOP,18000000,8716982055,Film & Animation,748,Unknown,Entertainment,539,35050000,2011-03-12
485,David Dobrik,17900000,7176572299,People & Blogs,536,United States,People,801,220600,2014-12-19
486,KatieAngel,17900000,3841205465,People & Blogs,982,United States,Music,2014,1327550,2015-05-19
487,RobleisIUTU,17900000,5168721499,Entertainment,1344,Argentina,Games,1294,691300,2013-04-15
488,Lele Pons,17900000,5244917119,Comedy,185,United States,Entertainment,1264,472950,2015-09-19
489,Demi Lovato,17900000,6888074944,Music,314,United States,Music,858,743750,2008-01-30
490,Like Nastya VNM,17900000,9867515979,Entertainment,602,Vietnam,Entertainment,455,2176700,2019-11-22
491,Jason Derulo,17900000,9887116267,Music,830,United States,Music,446,11400000,2008-07-21
492,MGC Playhouse,17900000,16174530046,Shows,1426,United States,Education,187,2603950,2009-02-03
493,Zuni and Family,17900000,6746269458,People & Blogs,2,Unknown,People,4057766,0.1,2020-07-15
494,Priyal Kukreja,17800000,11057945183,People & Blogs,772,India,People,378,11000000,2021-04-23
495,MSA previously My Story Animated,17800000,8588704539,Film & Animation,26,United States,People,3976090,528,2021-11-09
496,ýýýýýýýýý KIMPRO,17700000,19206701832,Unknown,1646,South Korea,People,125,86800000,2017-11-11
497,Jane ASMR ï¿½ï¿½,17700000,7387621644,Unknown,1888,South Korea,People,762,0,2012-11-17
498,ArianaGrandeVevo,17700000,20115544708,Music,178,United States,Music,122,2496150,2010-10-21
499,jaanvi patel,17700000,7912733203,People & Blogs,512,India,People,671,8800000,2018-07-18
500,tanboy kun,17700000,3647267655,People & Blogs,739,Indonesia,Entertainment,2169,1222250,2016-10-27
501,Lil Pump,17700000,4196061192,Music,60,Unknown,Music,1785,0,2015-10-15
502,Porta dos Fundos,17700000,7739048000,Entertainment,2240,Brazil,Entertainment,705,903000,2012-03-12
503,News 24,17700000,8396875537,News & Politics,211620,Ukraine,News,880,9450000,2006-02-05
504,Les' Copaque Production,17700000,9059696049,Film & Animation,1716,Malaysia,Entertainment,531,3026600,2009-11-09
505,El Payaso Plim Plim,17700000,17247584185,Film & Animation,1316,Argentina,Music,162,16300000,2013-10-18
506,zbing z.,17600000,9269174070,Gaming,3151,Thailand,Games,511,1382700,2014-03-12
507,MissaSinfonia,17600000,2274007523,Comedy,233,Mexico,Comedy,4139,691150,2011-01-05
508,ýýýýýýýýý Liziqi,17600000,2977741577,Howto & Style,128,China,Howto,2917,583550,2017-08-22
510,DeGoBooM,17600000,6306204566,Gaming,4702,Chile,Games,973,2550300,2014-02-01
511,JFlaMusic,17600000,3802280098,Music,326,South Korea,Music,2056,283000,2011-08-22
512,FactTechz,17500000,2238134438,Entertainment,709,India,Entertainment,4243,531600,2016-07-24
513,News18 India,17500000,7263619576,News & Politics,182742,India,News,770,10050000,2007-10-25
514,Fun For Kids TV - Hindi Rhymes,17500000,7612385622,Entertainment,149,India,Entertainment,723,2814750,2017-09-27
516,Aphmau,17400000,17763586483,Gaming,4411,United States,Games,152,11200000,2012-08-13
37,Marshmello,56400000,14696003229,Entertainment,436,United States,Music,233,2868150,2015-04-06
517,AMARINTV : ï¿½ï¿½ï¿½ï¿½ï¿½ï¿½ï¿½ï¿½ï¿½ï¿½ï¿½ï¿½,17400000,13043561912,Entertainment,118448,Thailand,News,286,6004000,2014-02-05
518,ýýýýýýýýýýýýýýýý - Al-Remas,17400000,11144195464,Music,2133,Iraq,Music,371,2869500,2013-09-27
519,Koray Zeynep,17400000,16560557488,People & Blogs,2078,Unknown,People,173,10900000,2016-07-08
520,Apple,17300000,1026425106,Science & Technology,180,United States,Tech,11274,1169750,2005-06-22
521,Stubborn Facts,17300000,902225615,Film & Animation,287,India,Entertainment,13315,21350,2016-09-05
522,Taarak Mehta Ka Ooltah Chashmah,17300000,11371738047,Entertainment,4778,India,Entertainment,356,8447900,2014-08-04
523,HowToBasic,17300000,3684816159,Howto & Style,582,Australia,Howto,2146,395900,2011-12-08
524,PopularMMOs,17200000,14573155899,Gaming,4685,Unknown,Games,240,390050,2012-04-17
525,Marques Brownlee,17200000,3606912471,Science & Technology,1567,United States,Tech,2196,1328500,2008-03-21
526,Anitta,17200000,7337212581,Music,138,Brazil,Music,769,1859050,2011-11-02
527,Jason Vlogs,17200000,8903647480,Education,83,Australia,People,4031958,0.54,2014-09-11
528,El Reino a Jugar,17200000,11445492404,Education,1007,Argentina,Education,353,2125550,2015-03-03
529,Willyrex,17200000,5024088947,Gaming,7550,Spain,Games,1359,392850,2009-08-09
530,TheBrianMaps,17100000,4448334716,Comedy,498,Russia,Entertainment,1624,955750,2012-06-04
531,TRANS TV Official,17100000,9710962528,Entertainment,148225,Indonesia,Entertainment,472,1168700,2014-09-02
532,Liza Koshy,17100000,2173106162,Comedy,142,United States,Entertainment,4443,44900,2013-09-02
533,Queen Official,17000000,10847948832,Music,1015,United Kingdom,Music,385,2390650,2008-07-07
534,Prajapati News,17000000,1001465469,Comedy,1407,India,Entertainment,11662,194500,2013-03-14
535,Gaby and Alex,17000000,8229883114,Entertainment,1,Unknown,People,4057752,0,2008-08-21
536,LuisFonsiVEVO,17000000,14543594822,Music,97,United States,Music,241,1274750,2009-05-12
537,Pop Chartbusters,16900000,8684010451,Music,2235,India,Music,574,1859350,2011-08-26
538,Guava Juice,16900000,9111000228,Gaming,1910,United States,Entertainment,527,277650,2006-07-18
539,EeOneGuy,16900000,3827906874,Entertainment,366,United States,Entertainment,2039,41700,2013-03-19
540,VICE,16900000,4609753237,Entertainment,3900,United States,Entertainment,1543,904550,2005-12-16
541,Aayu and Pihu Show,16900000,9270331567,Comedy,441,India,People,510,2284650,2017-05-08
542,Danny Fitt,16900000,9544277833,People & Blogs,2337,United States,Entertainment,488,7012900,2016-12-31
543,Bispo Bruno Leonardo,16900000,3523578665,Nonprofits & Activism,4891,Brazil,Nonprofit,2307,3824300,2016-04-10
544,DeToxoMoroxo,16800000,2315962318,Entertainment,1,Unknown,Music,4056488,0,2016-04-30
545,Doggy Doggy Cartoons,16800000,6518418501,Entertainment,0,Unknown,Unknown,4057944,0,2018-11-11
546,deepesh zo,16800000,7206462713,People & Blogs,41,Unknown,People,4038822,0.025,2021-09-24
547,Like Nastya IDN,16800000,7195314800,Entertainment,502,Indonesia,Entertainment,795,1114250,2019-11-22
548,Gato Galactico | GALï¿½ï¿,16800000,3693798804,Film & Animation,1491,Brazil,Entertainment,2129,1116200,2013-04-02
549,Salman Noman,16700000,10393037902,Entertainment,3,Unknown,Unknown,4057674,0.18000000000000002,2022-05-14
550,CoryxKenshin,16700000,7102965621,Gaming,1693,United States,Games,814,2657650,2009-04-27
551,With Kids[ï¿½ï¿½ï¿½ï¿½ï,16700000,8826138204,Entertainment,920,United States,Entertainment,559,1168550,2012-07-06
552,Travis Scott,16700000,7979736581,Music,13,United States,Music,564542,956.5,2010-09-01
553,Tu COSMOPOLIS,16700000,5089284369,People & Blogs,8741,Mexico,People,1337,411550,2014-08-28
554,Ivana Alawi,16600000,1318442641,Unknown,180,Philippines,People,8338,384500,2018-06-01
555,Werever2morro,16600000,2798273962,Entertainment,0,Mexico,Games,4057944,0,2010-12-07
556,IDEAS EN 5 MINUTOS,16600000,3696973456,Howto & Style,216,Spain,Unknown,3108857,1648,2017-04-02
557,NMF News,16600000,7435180827,News & Politics,112261,India,News,749,1488800,2013-10-22
558,SriBalajiMovies,16600000,9439857193,Entertainment,20102,India,Entertainment,497,3931050,2011-09-29
559,Lahari Music - TSeries,16600000,11946217860,Music,8976,India,Music,326,2283500,2011-11-21
560,Younes Zarou,16600000,15278668857,Entertainment,2200,Germany,Entertainment,213,15750000,2021-05-06
561,Jordan Matter,16600000,5819508534,Entertainment,413,United States,Entertainment,1088,5098550,2006-12-21
562,ýýýýýýýý ýýýýýýýýýýýýýýýýýýýýýý,16500000,2440934034,Entertainment,421,United States,Entertainment,3778,582950,2014-03-09
563,FailArmy,16500000,3037260680,Comedy,438,United States,Entertainment,2766,2869500,2011-07-05
564,BBC News Hindi,16500000,7043235131,News & Politics,21243,India,News,821,3346800,2009-09-22
565,FunFun Toy Doll TV,16500000,7406207930,Entertainment,735,United States,Entertainment,757,636550,2016-05-31
566,Sandra Cires Art,16400000,3955426159,Howto & Style,1091,United States,Entertainment,1938,459700,2011-09-27
567,Kaykai Salaider,16400000,4434679706,Comedy,428,Thailand,Entertainment,1636,238200,2011-01-24
38,YRF,54600000,35302243691,Film & Animation,3707,India,Music,28,13050000,2006-06-07
568,UFC - Ultimate Fighting Championship,16400000,7135820721,Sports,14662,United States,Sports,806,3399800,2006-03-04
569,Ch7HD,16400000,9463244435,Entertainment,56203,Thailand,Entertainment,496,2231650,2010-05-17
570,RCTI - LAYAR DRAMA INDONESIA,16400000,13478392540,Entertainment,1,Unknown,People,4057943,0,2020-10-19
571,Alfredo Larin,16400000,14431830557,Entertainment,1,Unknown,Entertainment,4057780,0.025,2015-11-23
572,GMMTV OFFICIALï¿½ï¿½,16400000,12844432341,Entertainment,23952,Thailand,Entertainment,294,4622050,2010-09-13
573,Matt Stonie,16300000,3527627264,Entertainment,54,United States,Entertainment,283499,744.5,2010-06-19
574,Boyce Avenue,16300000,6578828147,Music,490,United States,Music,913,743200,2007-09-02
575,Camila Cabello,16300000,6613422635,Music,80,United States,Music,906,1064050,2015-08-11
576,Little Mix,16300000,7520242626,Music,278,United Kingdom,Music,740,1007900,2011-11-30
577,SAM SMITH,16300000,10170264839,Music,230,United Kingdom,Entertainment,428,2178650,2012-09-14
578,Pitbull,16300000,12475714382,Music,352,United States,Music,308,2232000,2006-07-05
579,Bollywood Classics,16300000,7141825267,Entertainment,1444,India,Music,804,3877200,2011-10-13
580,Technoblade,16300000,1656452554,Gaming,989,United States,Games,6274,457550,2013-10-28
581,W2S,16300000,4768370464,Gaming,652,United Kingdom,Entertainment,1455,78500,2012-07-26
582,Jennifer Lopez,16200000,10227242833,Music,258,United States,Music,426,1595150,2005-11-18
583,Kids Play,16200000,8091706232,Entertainment,593,United States,Entertainment,636,638850,2018-05-14
584,T3ddy,16200000,2990185467,Comedy,1930,Brazil,People,2898,849500,2012-01-16
585,JJ Olatunji,16200000,4076692623,Gaming,1294,United Kingdom,Entertainment,1856,691700,2011-01-26
586,POPS Kids,16200000,9763592867,Music,3943,Vietnam,Film,462,6535100,2014-01-14
587,Thairath Online,16200000,14563841315,News & Politics,244899,Thailand,News,238,5737150,2010-09-27
588,LEGO,16200000,20522339099,Entertainment,31889,Singapore,Entertainment,116,2975800,2005-10-22
589,XO TEAM,16200000,14784781923,People & Blogs,189,United States,People,153622,957,2020-09-12
590,AdMe,16200000,4488680903,Entertainment,10,Spain,Music,4048675,0.1,2006-05-02
591,ExtraPolinesios,16200000,4813127504,People & Blogs,2,Unknown,People,3945744,13,2015-11-21
592,Dyland PROS,16100000,1517638132,Entertainment,2805,Indonesia,Games,6986,245300,2015-01-28
594,Vlad and Niki ARA,16100000,7399296005,Unknown,510,United States,Entertainment,759,798000,2019-05-24
595,Canal IN,16100000,2687443643,People & Blogs,723,Brazil,Entertainment,3338,351950,2017-07-21
596,TWICE,16100000,5055576881,Music,1123,Unknown,Music,1343,2498100,2016-03-27
597,Daily Dose Of Internet,16100000,6872702790,Entertainment,671,United States,Entertainment,851,10200000,2015-07-15
598,FitDance,16100000,7126210721,Music,41,France,Entertainment,4006012,19.5,2006-11-20
599,Panda Shorts,16100000,7155736006,Unknown,667,Sweden,Sports,792,12200000,2020-11-21
600,Disney Junior,16100000,15812009296,Entertainment,4045,United States,Entertainment,196,6800700,2008-04-22
601,La Rosa de Guadalupe,16100000,9642146451,Entertainment,0,Mexico,Games,4057944,0,2008-09-03
602,sagar kalra (Shorts),16000000,6543629679,People & Blogs,453,Unknown,People,921,1911100,2017-06-30
603,wifistudy,16000000,3018032423,Education,52144,India,Education,2855,364350,2014-07-26
604,Antrax,16000000,3029872908,Gaming,687,Mexico,Games,2844,119800,2015-05-25
605,Enes Batur,16000000,9786595271,Gaming,0,Unknown,Games,4057944,0,2007-03-04
606,Totoy kids - Espaï¿½ï,16000000,5997599089,Film & Animation,344,Mexico,Film,1048,2868600,2017-09-07
607,ýýýýýýýýýý,15900000,1845329502,People & Blogs,0,Russia,Games,4057944,0,2017-05-27
608,DopeLyrics,15900000,9962188084,Music,2035,United States,Music,444,252800,2016-06-09
609,jeffreestar,15900000,2609358468,Howto & Style,433,United States,Howto,3474,51150,2006-02-14
610,Lyna,15900000,6534326412,Gaming,4906,Argentina,Games,919,1646150,2014-09-08
611,MK MUSIC,15900000,9198986881,Music,5105,Brazil,Music,516,3454600,2010-01-18
612,Unspeakable,15900000,9052367553,Gaming,796,United States,People,530,4197350,2016-05-01
613,Camilo,15900000,6802382479,Music,132,Colombia,Music,871,1539850,2010-07-29
614,Dear Sir,15800000,1349288771,Education,633,India,Education,8066,636100,2016-12-13
615,Narendra Modi,15800000,3392918989,News & Politics,20679,India,News,2406,4728950,2007-10-26
616,Arif muhammad,15800000,4122634467,People & Blogs,542,Indonesia,Comedy,1816,1807800,2017-01-18
617,Rotten Tomatoes Trailers,15800000,13116313599,Film & Animation,10441,United States,Film,285,638600,2011-04-01
618,Volga Video,15700000,9787697838,Film & Animation,16874,India,Entertainment,463,1326950,2012-03-23
619,DM - Desi Melodies,15700000,5914071870,Music,79,India,Music,1071,3612750,2017-07-08
620,MY FAMILY,15700000,6153495609,Unknown,150,Singapore,People,731590,23950,2019-12-03
621,Team Films Bhojpuri,15700000,6626563508,Music,19703,India,Music,902,796100,2014-07-18
622,Zee Music Classic,15700000,5558051295,Music,1640,India,Music,1174,2179650,2014-05-20
369,NBA,20700000,12624879732,Sports,47926,United States,Sports,304,1859550,2005-11-21
623,Prime Video India,15700000,8696631898,Entertainment,7090,United States,Entertainment,569,8550000,2016-10-03
624,Caeli YT,15600000,1511794214,Entertainment,483,Mexico,Entertainment,7440,0,2010-09-22
625,Kuplinov ï¿½ï¿½ï¿,15600000,6862529416,Gaming,6623,Unknown,Games,863,2498000,2012-12-23
626,Linus Tech Tips,15600000,7172386509,Science & Technology,6542,Canada,Tech,802,2232350,2008-11-25
627,Juliana Baltar,15600000,3869457097,Entertainment,2019,Brazil,Entertainment,2002,1434350,2010-05-09
628,5-Minute Crafts FAMILY,15600000,6165757696,People & Blogs,4245,United States,Howto,1005,691050,2018-12-13
629,Blippi Espaï¿½ï,15500000,8984089026,People & Blogs,598,Mexico,Education,538,2285000,2017-01-13
630,Super Senya,15500000,5070970714,Entertainment,0,Unknown,Unknown,4057944,0,2017-07-27
631,Katakit Baby TV,15500000,6386271870,Music,220,Saudi Arabia,Music,954,2336350,2010-07-26
632,Infobells Bangla,15500000,7776706184,Education,359,India,Education,687,4301850,2016-06-13
633,ýýýýýýýý ýý ýýýýýýýý,15500000,8265129639,Shows,1021,Saudi Arabia,Film,619,3452550,2017-05-16
634,Henrique e Juliano,15500000,14619523361,Music,325,Brazil,Music,236,4195500,2009-06-27
635,Mr DegrEE,15500000,12880388253,Science & Technology,0,United States,Entertainment,4057944,0,2016-03-02
636,Kashvi Adlakha,15500000,12714141740,Entertainment,1525,India,Entertainment,300,3558700,2017-04-09
637,Talking Tom & Friends,15500000,6396049701,Entertainment,417,United States,Film,956,691050,2010-10-14
638,ýýýýýýýý ýýýýýýýýýýýýýý ýýýý 5 ýýýýýýýýýý,15500000,4499826716,Howto & Style,5183,Egypt,Howto,1597,849350,2017-12-08
639,Harsh Beniwal,15400000,1781226000,Comedy,165,India,Comedy,5724,691950,2015-05-06
640,FFUNTV,15400000,11513738907,Gaming,379,United Arab Emirates,Entertainment,349,2020250,2018-07-18
641,Mobile Legends: Bang Bang,15400000,1543608082,Gaming,1647,United States,Games,6793,1433050,2016-07-14
642,Roman Atwood Vlogs,15400000,5469103954,People & Blogs,1756,United States,People,1201,40350,2013-08-12
643,Mrwhosetheboss,15400000,3736069980,Science & Technology,1577,United Kingdom,Tech,2083,4251550,2011-04-20
644,Genierock,15400000,14564170905,Music,1725,Thailand,Music,239,2124200,2008-03-09
645,zayn,15400000,4909687948,Music,21,United States,Music,1401,955200,2016-01-26
646,Kerajinan 5-Menit,15400000,4750420071,People & Blogs,4186,Indonesia,Howto,1461,503350,2018-11-21
647,FC Barcelona,15300000,2656528205,Sports,10988,Spain,Sports,3356,2177300,2006-02-06
648,Dave and Ava - Nursery Rhymes and Baby Songs,15300000,10714145606,Education,851,United States,Education,390,1965600,2014-12-04
649,LOKESH GAMER,15300000,1640078055,Gaming,1397,India,Games,6356,151000,2017-11-16
650,ILYA BORZOV,15300000,9938811455,People & Blogs,2175,Russia,People,441,12100000,2021-04-01
651,Mazhavil Manorama,15300000,16545966132,Entertainment,87864,India,Entertainment,175,9250000,2011-10-31
652,Pokï¿½ï¿½ï¿½ï¿½ï¿½ï¿½ï¿½ï¿½ï¿½,15200000,857725714,People & Blogs,194,India,Film,13929,1648050,2017-10-15
653,The MriDul,15200000,4503880875,Comedy,106,India,Comedy,1593,2497500,2015-03-14
654,Niana Guerrero,15200000,1491452935,Entertainment,443,Philippines,Entertainment,7153,254450,2013-04-11
655,SRK MUSIC,15200000,6391679636,Music,5056,India,Music,955,1486700,2012-03-16
656,Sony LIV,15200000,7151683497,Entertainment,11099,India,Entertainment,794,5366350,2014-05-02
657,T-Series Hamaar Bhojpuri,15200000,7564652648,Entertainment,9862,India,Music,728,2708950,2011-11-01
658,Oyuncak Avï¿,15200000,8333387785,Entertainment,654,Turkey,Entertainment,615,112900,2014-12-29
659,CNN,15200000,14198154095,News & Politics,160405,United States,News,247,4780500,2005-10-02
660,NDTV India,15200000,6624168155,News & Politics,91704,India,News,900,1274500,2008-01-19
661,It's Mamix,15100000,1777072487,People & Blogs,210,United States,People,5778,407600,2017-02-01
662,Kim Loaiza,15100000,1576633086,Music,18,Unknown,Music,6655,689100,2019-01-18
663,Daftar Populer,15100000,2143140898,Education,3810,Indonesia,Entertainment,4520,439400,2017-01-16
664,Musas,15100000,2400037562,Howto & Style,159,Andorra,People,3889418,2.13,2006-03-12
665,Ranz Kyle,15100000,1760131384,People & Blogs,533,Philippines,Entertainment,5849,315550,2008-04-27
666,PowerfulJRE,15100000,3060202847,People & Blogs,1037,United States,People,2796,1115100,2013-01-12
667,Mariale,15100000,2761547758,Howto & Style,2618,United States,Entertainment,3241,304900,2010-01-06
668,Makiman131,15100000,4236036141,Gaming,2997,Spain,Entertainment,1760,152250,2013-02-12
669,Hongyu ASMR ï¿½ï¿½,15100000,4967784343,People & Blogs,1,Unknown,People,4057925,0,2021-03-16
670,Mohamed Ramadan I ï¿½ï¿½ï¿½ï¿½ï¿½ï¿½ï,15100000,5324913850,People & Blogs,753,Egypt,Entertainment,1242,1169100,2014-10-31
671,EdisonPts,15100000,6668507856,Gaming,3733,Russia,Games,894,2443400,2013-06-24
672,BIGBANG,15100000,7857371770,Music,776,South Korea,Music,680,1061200,2005-10-10
673,Rubï¿½ï¿½ï¿½ï¿½ï¿½ï¿½,15100000,9477021288,Comedy,921,Argentina,Comedy,491,13050000,2016-08-02
674,ABS-CBN News,15100000,10489367372,News & Politics,209520,Philippines,News,404,4622450,2009-10-22
675,Chapitosiki,15100000,13897932103,Entertainment,2717,Russia,Entertainment,256,18150000,2020-01-24
676,AdeleVEVO,15100000,12413869881,Music,52,United Kingdom,Music,309,2177150,2009-10-15
677,MoreAliA,15000000,4352427049,Gaming,2324,United Kingdom,Games,1663,6376500,2013-05-06
678,Chetan Monga Vlogs,15000000,9924103188,People & Blogs,899,India,People,457,2920350,2014-08-17
679,Little Angel - Mï¿½ï¿½ï¿½ï¿½ï¿½ï¿½ï¿½ï¿½ï¿½ï¿½,15000000,8897705695,Entertainment,795,Brazil,Education,548,3718200,2018-01-26
680,League of Legends,15000000,7159750970,Gaming,1362,United States,Games,805,1114700,2009-02-09
681,TheRichest,15000000,2730879024,Education,0,United States,Games,4057944,0,2006-05-25
682,XpressTV,15000000,4008801873,Entertainment,724,Mexico,Entertainment,1907,850800,2014-11-17
683,PlayStation,15000000,4741434420,Gaming,20292,United States,Games,1469,1062700,2005-12-16
684,Kwebbelkop,15000000,6889304306,Gaming,5198,United States,Film,857,744600,2008-04-02
685,Republic Bharat,15000000,7536093065,News & Politics,206,India,News,1145576,25.5,2018-08-16
686,THE BROWN SIBLINGS,15000000,8658553456,Entertainment,965,India,Entertainment,577,2603550,2016-10-09
687,Sony Music South,15000000,9978734160,Music,2726,India,Music,439,6163300,2014-08-06
688,BigSchool,15000000,9996133066,Gaming,68,Unknown,Film,4056600,0,2020-12-02
689,Ray William Johnson,15000000,10239836582,Entertainment,1803,United States,Comedy,423,7969300,2008-05-26
690,KOMPASTV,15000000,11827310821,News & Politics,269050,Indonesia,News,331,2869600,2013-08-23
691,ISSEI / ï¿½ï¿½ï¿½ï¿½,15000000,13562853889,Comedy,1788,Japan,Comedy,277,7223550,2014-07-23
692,Zï¿½ï¿½ï¿½ï¿½ï¿½ï¿½ï,15000000,11506702632,Music,340,Brazil,Music,347,4674300,2012-04-03
693,A2 Motivation by Arvind Arora,15000000,8932038210,Entertainment,3168,India,Entertainment,544,3346100,2017-04-07
694,50 Cent,14900000,10069000444,Music,419,United States,Music,435,3079700,2007-02-08
695,MNCTV OFFICIAL,14900000,8074260978,Entertainment,66362,Indonesia,Entertainment,639,1115350,2012-11-29
696,ERB,14900000,4033400167,Entertainment,86,United States,Entertainment,1886,281600,2006-02-08
697,melanie martinez,14900000,4395184343,Music,127,United States,Music,1656,1434550,2007-11-03
698,iTownGamePlay *Terror&Diversiï¿½ï,14900000,4977284539,Entertainment,8420,Spain,Games,1377,353400,2012-02-15
699,ýýýýýýýýýýýý8 : Thai Ch8,14900000,5549770244,Entertainment,27944,Thailand,Entertainment,1181,1274350,2011-10-17
700,ZutiGang,14900000,15913320995,People & Blogs,1363,Unknown,People,192,8800000,2021-03-05
703,Bayashi TV,14900000,8615618825,Entertainment,93,Japan,Autos,3468229,63,2012-11-19
704,Fueled By Ramen,14800000,13356517783,Music,1210,United States,Entertainment,276,1541800,2006-06-09
705,CrashCourse,14800000,1833519700,Education,1481,United States,Education,5533,183000,2006-05-20
706,MattyBRaps,14800000,3587576784,Music,195,United States,Music,2226,584450,2010-05-31
707,Lachlan,14800000,5269059435,Gaming,3834,Australia,Games,1253,531600,2013-03-19
708,ýýýýýýýý ýýýýýýýý,14800000,7018015062,Howto & Style,2387,Ukraine,Howto,828,1220700,2015-10-12
709,Meghan Trainor,14800000,8649303688,People & Blogs,233,United States,Music,580,1327450,2008-06-04
710,Jorge & Mateus Oficial,14800000,9076642765,Music,318,Brazil,Music,529,2232200,2008-07-29
711,Major Lazer Official,14800000,9383431376,Music,0,Unknown,Unknown,4057944,0,2013-06-14
712,Beast Philanthropy,14800000,272678287,People & Blogs,34,Germany,Games,3968552,957,2015-01-31
713,Filaretiki,14800000,15788208522,Unknown,2222,United States,People,195,30700000,2021-03-24
714,5-Minute Crafts Recycle,14800000,8866012877,People & Blogs,3867,United States,Howto,554,1379750,2019-06-07
715,ýýýýýýýýýý ýýýýýýýýýýýý,14700000,2230986039,Entertainment,1385,Saudi Arabia,Entertainment,4276,68700,2016-05-27
716,Maha Fun Tv,14700000,1321380490,Entertainment,85,United States,Entertainment,8317,121900,2017-09-05
717,Canal Nostalgia,14700000,1506796393,Entertainment,554,Spain,Entertainment,325721,5789.5,2010-02-19
718,The Slow Mo Guys,14700000,2465473772,Entertainment,317,United States,Education,3746,483950,2010-08-15
719,StudyIQ IAS,14700000,4029253667,Education,43564,India,Education,1879,1911700,2015-06-22
720,Chad Wild Clay,14700000,6751985988,Comedy,698,United States,Entertainment,885,904500,2006-03-26
721,CollegeHumor,14700000,7255848125,Comedy,4340,United States,Comedy,798,0,2006-10-09
722,Netflix Jr.,14700000,8882319696,Education,1996,United States,Education,552,2019100,2012-01-28
723,Colors Rishtey,14700000,12362331529,Entertainment,23490,India,Entertainment,310,8850000,2013-11-28
724,ABC News,14700000,12961669452,News & Politics,80830,United States,News,289,4728550,2006-08-07
725,Camila Loures,14700000,4684983333,Music,3978,Brazil,Entertainment,1501,1061450,2014-05-27
726,Doc Tops,14600000,2613197447,Entertainment,490,Ecuador,Entertainment,3458,418400,2014-12-29
727,Auron,14600000,3337074920,People & Blogs,961,Spain,Games,2455,1540850,2013-12-12
728,Jesser,14600000,3603556207,Gaming,1244,United States,Entertainment,2223,2338900,2012-07-09
729,Planeta das Gï¿½ï¿½,14600000,4622581344,People & Blogs,951,Brazil,Entertainment,1534,268950,2015-11-21
730,PrestonPlayz,14600000,5766647017,Gaming,4009,United States,Entertainment,621,3877550,2012-07-04
731,Martin Garrix,14600000,6017932195,Music,365,United States,Music,1044,903300,2011-01-15
732,O Reino Infantil,14600000,11182302317,Music,1206,Brazil,Music,369,2814800,2014-08-19
733,Fifth Harmony,14600000,7952268926,Music,67,United States,Music,659,956450,2013-02-21
734,Mis Pastelitos,14600000,2750902766,Howto & Style,603,Mexico,Music,3248,1276000,2014-06-24
735,Noman Official,14600000,5525773746,Comedy,560,India,Film,1185,3558650,2019-10-28
737,Like Nastya Stories,14500000,6944967581,Entertainment,479,United States,Entertainment,848,744900,2019-09-09
738,les boys tv2,14500000,4577292740,Entertainment,453,United States,Film,1565,11450,2017-02-07
739,Lotus Music,14500000,1739129375,Unknown,514,India,Tech,5926,584550,2021-06-01
740,IDEIAS INCRï¿½ï¿½,14500000,3551889957,Howto & Style,5430,Brazil,Howto,2269,72350,2017-10-30
741,Reaction Time,14500000,4260187928,Entertainment,1717,United States,Entertainment,1747,252700,2015-04-25
742,BBC News,14500000,4598387043,News & Politics,18972,United Kingdom,News,1548,1699400,2006-04-08
743,Eli Kids - Cartoons & Songs,14500000,4821183481,Unknown,605,United States,Music,1423,3823850,2018-01-16
744,Boram Tube ToysReview [ï¿½ï¿½ï¿½ï¿½ï¿½ï¿½ï¿½ï¿½ï¿,14500000,5014888374,People & Blogs,618,South Korea,People,1364,126500,2016-05-18
745,Aadishakti Films,14500000,6290721701,Music,4790,India,Music,981,1222650,2016-10-28
746,Telemundo,14500000,8582696157,Entertainment,19201,United States,Entertainment,592,1222450,2007-01-03
749,Maroon5VEVO,14500000,20042571499,Music,147,United States,Music,123,2497300,2009-05-12
750,Saad Lamjarred | ï¿½ï¿½ï¿½ï¿½ï¿½ï¿,14500000,4315486422,Music,176,Morocco,Music,1710,956350,2012-12-22
751,Hear This Music,14500000,9201428420,Music,39,Unknown,Music,518,1222300,2016-02-13
752,Lilly Singh,14500000,3517662420,Comedy,1064,Canada,Comedy,2297,135900,2010-10-29
753,ýýýýýýýýýýýýýýýýýýýýý,14400000,600154268,Entertainment,364,South Korea,Entertainment,21132,34900,2017-03-08
754,Gyan Gamingï¿½,14400000,2224121890,Gaming,3086,India,Games,4292,354250,2017-09-01
755,Drawblogs,14400000,1629801448,Entertainment,399,Peru,Entertainment,6402,25550,2014-05-20
756,NOBRU,14400000,351763324,Gaming,2,Unknown,People,4057274,0.055,2006-02-03
757,ýýýýýýýýýýýý ýýýýýýýýýýýý I ýýýýýý ýý ýýýýýýýýýý,14400000,2972474215,Entertainment,381,Saudi Arabia,Entertainment,2934,119150,2017-12-01
758,Cyprien,14400000,3086254545,Comedy,222,France,Comedy,2767,291150,2007-02-25
759,Rclbeauty101,14400000,3900312631,Comedy,463,United States,Entertainment,1986,220200,2010-12-14
760,Coke Studio,14400000,4035738731,Music,450,United States,Music,23796,90700,2008-06-04
761,Indore Physical Academy,14400000,4156427797,People & Blogs,1838,India,People,1793,1805600,2014-04-19
762,Rosanna Pansino,14400000,4597228794,Howto & Style,1248,United States,Howto,1552,690000,2010-04-08
764,Vlad and Niki PRT,14400000,6543282459,Unknown,516,United States,Entertainment,918,1010150,2018-11-03
765,RS 1313 SHORTS,14400000,8011977288,Entertainment,5628,India,Entertainment,647,5418950,2020-10-24
766,Zig & Sharko,14400000,9023952946,Film & Animation,978,Unknown,Film,534,1594050,2015-05-06
767,SelenaGomezVEVO,14400000,11423792969,Music,186,United States,Music,354,2283000,2009-11-24
768,ZEE5,14400000,18515587421,Entertainment,101401,India,Entertainment,142,3824700,2018-02-13
769,Super Polina,14300000,4776507159,People & Blogs,576,United States,Entertainment,1452,10550,2014-07-08
770,Rebecca Zamolo,14300000,6388439235,Comedy,1,United States,Entertainment,4054606,0,2011-08-04
771,Wish 107.5,14200000,6048517979,Music,1823,Philippines,Music,1036,1594000,2014-07-13
772,Invento na Hora,14200000,4040297006,Film & Animation,1281,Brazil,Entertainment,1877,485250,2014-10-18
773,SIS vs BRO,14200000,6973932553,Entertainment,60,Ukraine,Entertainment,3739171,2.66,2016-08-03
774,NikkieTutorials,14200000,1778318927,Howto & Style,876,Netherlands,Entertainment,5764,903900,2008-06-23
775,TommyInnit,14200000,2084791147,Gaming,342,United Kingdom,Games,4696,1381450,2015-12-24
776,E-MasterSensei,14200000,3920559552,Gaming,1300,Mexico,Games,1971,1116850,2016-01-13
777,infobells - Kannada,14200000,6554000320,Education,433,India,Education,912,3612550,2014-03-13
778,Crazy Frog,14200000,7946322061,Music,0,Unknown,Games,4057944,0,2005-10-02
779,The Dodo,14200000,9964116817,Pets & Animals,8,Unknown,Unknown,4050736,184,2006-06-14
780,SEVENGERS,14200000,10238593147,Comedy,872,India,Comedy,422,9400000,2018-06-04
781,Zee Bangla,14200000,11428794827,Entertainment,132398,India,Entertainment,352,1539900,2008-02-26
782,DangMattSmith,14200000,3317805543,Entertainment,1724,United States,Entertainment,2485,329000,2011-08-18
783,Neha Kakkar,14100000,2131548711,Music,149,India,Music,4624,638400,2012-10-22
784,#Refugio Mental,14100000,3594936775,Entertainment,846,Unknown,Entertainment,2218,177000,2013-08-10
785,ýýýýýýýýýýýýýýýýýýýý ýýýýýýýýýýýýýýýýýýýý,14100000,3920221322,Entertainment,65,Unknown,Unknown,3999155,519,2017-08-04
786,Trap City,14100000,5129529846,Music,3,Australia,People,4032620,3.72,2015-11-04
787,Supercar Blondie,14100000,5405563355,Autos & Vehicles,855,United Arab Emirates,Autos,1202,9050000,2007-09-12
788,Yudist Ardhana,14100000,6036496916,Entertainment,2854,Indonesia,Entertainment,1029,4514100,2016-01-06
789,Lana Del Rey,14100000,6884215292,Music,43,United States,Music,856,3453350,2011-05-05
790,MalumaVEVO,14100000,19013942981,Music,182,United States,Music,138,2498250,2011-06-15
791,F2Freestylers - Ultimate Soccer Skills Channel,14100000,3280481927,Sports,777,United Kingdom,Sports,2530,260650,2011-04-09
792,Bie The Ska,14100000,4627069704,Entertainment,1540,Thailand,Entertainment,1531,318800,2006-10-03
793,AM3NlC,14000000,4959982720,Gaming,5757,Brazil,People,1392,260350,2012-12-15
794,Narins Beauty,14000000,2214167846,Howto & Style,431,Sweden,Entertainment,4325,349550,2014-09-24
795,TV Ana Emilia,14000000,4674164601,People & Blogs,651,Mexico,Entertainment,1504,690150,2014-12-30
796,ýýýýýýýýýýýý,14000000,7719743112,Gaming,2210,Russia,Games,703,3825850,2013-10-26
797,Luli Pampï¿½,14000000,8623705301,Music,294,Spain,Music,579,5152500,2012-12-22
798,Gallina Pintadita,14000000,9660950823,Music,62,Mexico,Film,477,1805950,2011-08-02
799,ViralHog,14000000,18917687143,People & Blogs,41117,United States,Animals,136,34800000,2014-08-22
800,ETV Jabardasth,14000000,13542939513,People & Blogs,9652,India,Comedy,268,3400400,2015-07-14
801,Zee Telugu,14000000,12597067132,Entertainment,3,India,Music,4039216,0.18000000000000002,2007-01-31
802,Crescendo com Luluca,14000000,5094050461,Entertainment,1307,Brazil,People,1327,1752100,2015-08-30
803,Jazzghost,13900000,5673347763,Gaming,5494,Brazil,Games,1140,2710100,2012-08-30
804,karameeshchannel,13900000,9106781518,Entertainment,2254,Jordan,Music,526,2231450,2012-01-18
805,Darkar Company Studios,13900000,2244318380,Film & Animation,183,United States,Comedy,4234,117250,2009-02-15
806,Dental Digest,13900000,7450345720,People & Blogs,324,Unknown,People,745,5897350,2020-08-12
807,T-Series Regional,13900000,5217553897,Entertainment,15075,India,Music,1275,850250,2011-02-14
808,ADEL et SAMI,13900000,5465532801,Entertainment,503,United States,Entertainment,1200,690300,2018-03-12
809,Jamuna TV,13900000,12129583055,News & Politics,6,Bangladesh,Entertainment,4056658,0.025,2021-02-10
810,Atlantic Records,13900000,12513842343,Music,1660,United States,Music,307,2495950,2006-12-15
811,ýýýýýýýý ýý ýýýýýýýýýýýý,13900000,8451754769,Unknown,504,United States,People,600,2921400,2018-10-12
812,Veritasium,13900000,2165885634,Education,369,United States,Education,4466,1116200,2010-07-21
813,Alexa Rivera,13900000,3193226072,Howto & Style,288,Unknown,Entertainment,2613,3664150,2010-08-21
814,Airrack,13800000,2224911030,Entertainment,173,United States,Entertainment,4285,2549500,2015-01-03
815,Hacksmith Industries,13800000,1820559912,Science & Technology,887,Canada,Tech,5524,2125900,2006-04-20
816,JD Pantoja,13800000,1493776391,People & Blogs,16,Unknown,Music,7134,345100,2017-06-05
817,ýýýýýýýý/Atro,13800000,2480957682,Gaming,1952,Netherlands,Games,3690,1382700,2017-07-02
818,123 GO! Spanish,13800000,5019136690,People & Blogs,520,Mexico,Howto,1361,689800,2019-03-13
819,Geo News,13800000,5727888539,News & Politics,190093,Pakistan,News,1127,2550100,2007-01-10
820,Kids TV India Hindi Nursery Rhymes,13800000,6646953396,Shows,1505,India,Education,898,2018000,2014-11-17
821,Think Music India,13800000,11039343563,Music,4978,India,Music,374,5525650,2009-08-15
822,O Que Nï¿½ï¿½ï¿½ï¿½ï¿½ï¿,13700000,1967930734,Comedy,696,Brazil,Entertainment,5035,2231700,2015-02-06
823,Goldmines Premiere,13700000,1973638757,Entertainment,975,India,Film,5047,956450,2013-10-12
824,MAIKI021,13700000,1950178163,Entertainment,3298,Brazil,Entertainment,5135,189650,2008-01-22
825,The Vishal bhatt,13700000,9596430464,Comedy,1040,India,Comedy,487,9650000,2021-08-15
826,NishaMadhulika,13700000,2939201386,Howto & Style,2158,India,Howto,2972,583350,2009-08-02
827,MyMissAnand,13700000,4963275018,People & Blogs,340,India,Entertainment,1387,691800,2014-07-22
828,FAPTV,13700000,5457203710,Comedy,863,Vietnam,Comedy,1205,902700,2014-02-26
829,Wesley Safadï¿½,13700000,8134379376,Music,438,Brazil,Music,631,1646100,2009-06-21
830,infobells,13700000,5178142148,Education,495,India,Education,1289,585850,2011-10-20
831,Desi Gamers,13700000,2135195239,Gaming,1,Unknown,Tech,4057849,0.13,2020-04-14
832,Acenix,13600000,2122062016,Gaming,368,Spain,Games,4572,1221150,2014-01-02
833,Zeinab Harake,13600000,896891351,Unknown,273,Philippines,People,13437,308250,2017-10-19
834,DALLMYD,13600000,1948925559,Sports,412,United States,Sports,5133,796000,2011-02-01
835,Lindsey Stirling,13600000,3764608356,Music,199,United States,Music,2084,389550,2007-05-20
836,JOJO TV - Hindi Stories,13600000,5141201173,Education,1097,India,Film,1303,274500,2016-12-25
837,BBC,13600000,9685060624,Pets & Animals,16047,United Kingdom,Entertainment,474,1116600,2005-11-12
838,Saturday Night Live,13600000,14717282742,Entertainment,8335,United States,Comedy,232,1434950,2013-07-23
839,BUDI01 GAMING,13500000,1181292450,Gaming,319,Indonesia,Games,9540,342600,2019-07-19
840,Typical Gamer,13500000,4301581610,Gaming,4312,Canada,Games,1716,848850,2008-08-24
841,Anaysa,13500000,3445794123,Howto & Style,591,India,Howto,2364,744550,2012-03-10
842,JULIA GISELLA,13500000,5380132790,Entertainment,19,United Kingdom,Music,3767960,41.5,2015-03-24
843,Awakening Music,13500000,5545936485,Music,814,United Kingdom,Music,1183,902950,2006-12-25
844,Lady Diana,13500000,8265920659,Entertainment,1403,Ukraine,People,620,1912750,2016-03-21
845,Sanjoy Das Official,13500000,3912334359,Entertainment,1793,India,Games,1954,4568850,2015-04-29
846,Woody & Kleiny,13500000,11717217293,Comedy,975,United Kingdom,Entertainment,333,12650000,2013-03-30
847,Vijay Kumar Viner Vlogs,13500000,7958771872,Entertainment,1357,India,Entertainment,663,2814700,2019-03-22
848,Conor Maynard,13500000,2750993392,Music,321,United States,Music,3257,275100,2006-05-19
849,Wengie,13500000,1900272833,Howto & Style,462,United States,Howto,5297,34050,2010-09-09
850,Vlad y Niki Show,13400000,4622628957,Unknown,477,United States,Entertainment,1537,2338350,2018-11-08
851,Codiscos,13400000,11789678655,Music,7356,Colombia,Music,330,5843350,2007-02-08
852,The World Adventures ï¿½ï¿½ï¿½ï¿½ï¿½ï¿½,13400000,2139769210,People & Blogs,1028,India,People,4540,26600,2016-09-09
853,Vibhu 96,13400000,20563378,Unknown,256,India,Education,342460,516750,2022-06-05
854,Blockbuster Movies,13400000,2650061211,Entertainment,0,India,Unknown,4057944,0,2017-07-04
855,ATHLEAN-Xï¿½,13400000,2319515787,Howto & Style,1349,United States,Howto,4039,369700,2006-12-16
856,My Mate Nate,13400000,3363634923,Comedy,1195,Thailand,Entertainment,2436,1062500,2014-12-08
857,H2ODelirious,13400000,4356686216,Gaming,3727,United States,Games,1683,428050,2007-05-24
858,GMA Integrated News,13400000,9569814790,News & Politics,296272,Philippines,News,486,2923200,2007-10-29
859,Peet Montzingo,13400000,10022557589,People & Blogs,319,United States,People,433,10150000,2014-06-01
860,The Q,13400000,4306212515,People & Blogs,96,United States,Sports,3846885,0.07500000000000001,2006-01-17
861,Trakin Tech,13300000,2262690743,Science & Technology,3640,India,Tech,4152,1115500,2011-11-02
862,theRadBrad,13300000,6050102764,Gaming,8195,United States,Games,1038,400200,2006-11-27
863,Matt Steffanina,13300000,3299216601,Entertainment,331,United States,Entertainment,14275,49200,2007-11-28
864,Stray Kids,13300000,3364230487,People & Blogs,3,Unknown,Comedy,4057875,0.055,2007-03-17
865,Kurt Hugo Schneider,13300000,3733856870,Entertainment,698,United States,Entertainment,2110,107950,2007-10-16
866,Vogue,13300000,4177184071,Entertainment,3166,United States,People,1789,1167650,2008-06-29
867,ýýýýýýýýýýýýýýýýýý,13300000,6482687220,People & Blogs,608,Russia,Entertainment,927,2285350,2015-10-04
868,Kids Lineï¿½ï¿½ï¿½ï¿½ï¿½ï¿½ï¿½,13300000,9088562002,People & Blogs,2742,United States,Education,524,4142850,2011-11-26
869,VexTrex,13300000,7923901253,Entertainment,2411,Ukraine,Entertainment,669,0,2014-09-08
870,penguinz0,13300000,7773543609,Gaming,4613,United States,Entertainment,689,4833400,2007-05-07
871,Just For Laughs Gags,13300000,7406628736,Comedy,6916,United States,Comedy,764,445450,2007-01-14
872,Kabita's Kitchen,13300000,2831275503,Howto & Style,1489,India,Howto,3123,1114700,2014-10-07
873,BanderitaX,13300000,4129249415,Gaming,1640,Saudi Arabia,Games,1818,1806050,2013-08-20
874,AzzyLand,13300000,6412313570,Gaming,1749,Canada,Entertainment,949,137400,2015-05-08
875,HUBAï¿½ï¿½,13200000,9884886099,Entertainment,538,United States,Entertainment,454,8129450,2021-02-20
876,BIBO ï¿½ï¿½ï¿½ï¿½ï¿½ï¿,13200000,1148422000,Entertainment,192,Russia,Entertainment,9855,223600,2019-01-10
877,Brawl Stars,13200000,2036408398,Gaming,172,Finland,Games,4846,519400,2017-04-28
878,Ei Nerd,13200000,3568392223,Entertainment,0,Unknown,Games,4057944,0,2007-11-19
879,Sonotek Bhakti,13200000,3789736218,Entertainment,8019,India,Music,2063,638000,2010-12-27
880,Vilmei,13200000,4205664894,Unknown,1324,Indonesia,People,1786,6746450,2013-09-25
881,MC Divertida,13200000,5224764969,Entertainment,413,Brazil,Entertainment,1269,1646800,2018-01-17
882,The Infographics Show,13200000,5263540904,Education,4279,United States,Education,1252,1327750,2011-02-26
883,jbalvinVEVO,13200000,20743586601,Music,237,Colombia,Music,113,2179400,2010-09-30
884,ýýýýýýTwinsFromRussia,13200000,9378175604,People & Blogs,6888,United States,People,503,3029100,2011-05-16
885,Technology Gyan,13200000,1138262456,Science & Technology,1022,India,Tech,9955,472250,2015-11-17
886,CookingShooking Hindi,13200000,1758603195,People & Blogs,393,India,Howto,5855,293000,2017-04-04
887,Ryan Trahan,13100000,2182651464,Entertainment,33,United States,People,4051001,6.37,2022-06-27
888,Alex Gonzaga Official,13100000,1401914513,People & Blogs,287,Philippines,People,7733,276600,2017-07-18
889,WiederDude,13100000,2733682792,Unknown,289,United States,Games,3275,1435350,2016-06-12
890,Ian Boggs,13100000,9110348202,Entertainment,1327,Unknown,Entertainment,520,8393950,2010-03-25
891,Lokdhun Punjabi,13100000,4712624489,Music,1262,India,Music,1484,901650,2010-12-27
892,Knowledge Tv ï¿½ï¿½ï¿½ï¿½ï¿½ï¿½,13100000,1936582704,People & Blogs,7,Unknown,People,4054334,0.055,2019-11-24
893,Painzeiro,13100000,2555801802,People & Blogs,1077,Brazil,People,3545,1116000,2015-11-06
894,Peppa Pig em Portuguï¿½ï¿½ï¿½ï¿½ï¿½ï¿½ï¿½ï¿½ï¿,13100000,4214172991,Film & Animation,1365,Brazil,Film,1770,691000,2014-05-06
895,ýýýýýýýýýýýýýýý Ms Yeah,13100000,4399833602,People & Blogs,435,United States,Howto,1650,1541000,2017-02-15
896,Hungria Hip Hop,13100000,4608751851,Music,73,Brazil,Music,1541,1222350,2013-04-13
897,RaptorGamer,13100000,2879263916,People & Blogs,1444,Ecuador,Games,3044,1594350,2016-07-16
898,RedeTV,13100000,5333569294,Entertainment,36760,Brazil,Entertainment,1240,448500,2011-10-18
899,twenty one pilots,13100000,5264039679,Music,194,United States,Music,1255,1276400,2009-09-05
900,DJ Khaled,13100000,6637820731,Music,12,Samoa,Music,3967392,9.5,2006-05-27
901,Davie504,13000000,2683297849,Entertainment,838,Italy,Entertainment,3340,744800,2011-05-18
902,Everson Zoio,13000000,1024467771,Comedy,625,Brazil,Entertainment,11340,77850,2009-03-26
903,Calon Sarjana,13000000,10664585,Entertainment,29,Indonesia,Entertainment,772571,0,2016-01-20
904,Lofi Girl,13000000,1698279553,Music,409,France,Music,6059,795700,2015-03-18
905,Jomy Production,13000000,5057163256,Entertainment,8,India,Unknown,3686280,0.055,2021-03-18
906,GH'S,13000000,8739174649,Gaming,510,South Korea,Games,553,27550000,2020-07-07
907,JesseAndMike,13000000,9999238237,Entertainment,716,United States,Entertainment,440,1061650,2007-04-29
908,Wolfoo Channel,13000000,301547793,Unknown,22,Pakistan,People,4035874,15,2021-08-11
909,Susy Mouriz,13000000,6270909026,Entertainment,1299,Mexico,Entertainment,969,9400000,2017-03-18
910,7 Minutoz,13000000,4349562794,Music,521,Brazil,Music,1692,744300,2012-06-04
911,The LaBrant Fam,13000000,4637474071,Comedy,612,United States,People,1557,0,2012-08-24
912,Pastor Antï¿½ï¿½ï¿½ï¿½ï,12900000,2112274210,People & Blogs,4712,Brazil,People,4602,797700,2013-01-19
913,Matheus Yurley,12900000,140022442,Entertainment,69,Brazil,Entertainment,93531,3771.5,2015-01-27
914,gymvirtual,12900000,2509752944,Sports,1572,Spain,Sports,3645,305850,2010-11-01
915,BIBOï¿½ï¿½ï¿½ï¿½ï,12900000,3178222797,Entertainment,193,South Korea,Entertainment,2649,102050,2016-08-08
916,Top Viral Talent,12900000,3643698504,Entertainment,1598,United States,Entertainment,2177,744050,2014-01-02
917,Akon,12900000,6300933122,Music,39,United States,Music,976,2336850,2005-11-05
918,AlArabiya ï¿½ï¿½ï¿½ï¿½ï¿,12900000,7520379951,People & Blogs,169304,United Arab Emirates,News,737,2070350,2006-09-19
919,Rauw Alejandro,12900000,11504090820,Music,168,Unknown,Music,348,5258300,2014-12-11
920,EnriqueIglesiasVEVO,12900000,15446707595,Music,137,United States,Music,210,1913650,2009-05-12
921,ýýýýýýýý ýýýý ýýýýýýýýýýýýýý,12900000,5585085130,Shows,1255,Ukraine,Entertainment,1164,1806700,2014-07-17
922,The Shiny Peanut,12900000,2848466522,Education,2337,Indonesia,Entertainment,3109,21350,2016-10-26
923,Talking Angela,12800000,3632438963,Entertainment,233,United Kingdom,Film,2184,691950,2014-09-02
924,Melon City Show - ï¿½ï¿½ï¿½ï¿½ï¿½ï¿½ï¿½ï¿½ï¿½ï¿½ï¿,12800000,5863456698,Comedy,1727,Iraq,Comedy,1087,903000,2016-01-30
925,Duo Tiempo De Sol,12800000,6662288136,Music,323,Spain,Education,896,1381000,2013-03-26
926,Troom Troom India,12800000,6804072897,Howto & Style,2385,Unknown,Howto,873,440400,2015-04-19
927,MrSuicideSheep,12800000,6970899521,Entertainment,3483,Canada,Entertainment,842,462000,2010-04-09
928,Adam W,12800000,9502983550,Comedy,681,United States,Comedy,492,5843450,2015-10-04
929,Right to Shiksha,12800000,7876740921,Education,2044,India,Education,670,5470600,2020-04-23
930,Beyoncï¿½ï¿½,12800000,14185611472,Music,168,United States,Music,250,2284350,2009-09-02
931,FACT FIRE KING,12700000,1159290255,Unknown,782,India,Games,9683,1326950,2020-07-29
932,Ian Lucas,12700000,1450874545,Entertainment,50,Unknown,Entertainment,4052208,0,2016-04-16
933,Franco Escamilla,12700000,4266957149,Comedy,2483,Mexico,Comedy,1740,1966200,2007-10-19
934,Adexe & Nau,12700000,4579773883,Music,594,Spain,Music,1563,257100,2013-12-22
935,Diana and Roma IND,12700000,5567832210,Unknown,534,United States,Entertainment,1173,1169900,2019-11-07
936,Jass Records,12700000,5958994201,Music,1,Unknown,Music,4056853,0.025,2012-02-10
937,Future,12700000,9927699419,Music,119,United States,Film,270216,12050,2020-11-07
938,YoungBoy Never Broke Again,12700000,13174393401,Entertainment,142,United States,Music,279,4354950,2015-01-04
939,Blossom,12700000,4733873025,Howto & Style,812,United States,Howto,1472,1115800,2017-06-01
940,#Refï¿½ï¿½ï¿½ï¿½,12700000,2709954270,Entertainment,846,Unknown,Entertainment,2218,177000,2013-08-10
941,Piuzinho,12700000,1081285962,Gaming,504,Brazil,Games,10642,92300,2015-05-13
942,Heidi y Zidane,12700000,6001189018,Unknown,600,United States,People,1052,411000,2019-12-02
943,Go Ami Go!,12700000,1714955279,People & Blogs,252,Colombia,People,5821,8341400,2015-12-03
944,Morgz,12600000,3303595310,Gaming,825,United Kingdom,Entertainment,2491,1488250,2014-06-10
945,CaseyNeistat,12600000,3152402405,People & Blogs,1101,United States,People,2681,151800,2010-02-15
946,ýýýýýýýýýSULGI,12600000,3485373675,People & Blogs,683,South Korea,People,2313,2869700,2012-11-05
947,NickiMinajAtVEVO,12600000,8831179714,Music,99,United States,Music,557,902550,2010-04-01
948,Ellie Goulding,12600000,6969178081,Music,218,United Kingdom,Music,841,955000,2007-01-29
949,colinfurze,12500000,1612094871,Entertainment,385,United Kingdom,Entertainment,6487,216300,2006-11-15
950,People Vs Food,12500000,1136534702,Entertainment,601,United States,Entertainment,9980,391150,2013-07-30
951,Wolfoo Family,12500000,161254021,Unknown,61,United States,Film,81750,0,2019-10-21
952,Ja Mill,12500000,1302818088,People & Blogs,0,Unknown,Unknown,4048879,0,2006-02-22
953,Health Time,12500000,1002219689,Howto & Style,1810,India,People,11667,35550,2016-09-25
954,Yair17,12500000,1402042328,Gaming,1109,Mexico,Games,7741,226150,2014-01-22
955,Little Baby Bum en Espaï¿½ï,12500000,6956320454,Education,1459,Spain,Education,843,416150,2014-06-06
956,First We Feast,12500000,2983799729,Howto & Style,1076,United States,Entertainment,2892,2816900,2014-02-28
957,Mï¿½ï¿½ï¿½ï¿½,12500000,3140883140,Travel & Events,766,Mexico,Entertainment,2691,796500,2015-07-06
958,Bebefinn - Nursery Rhymes & Kids Songs,12500000,4163639093,Unknown,322,United States,Entertainment,1794,0,2022-03-30
959,Troom Troom PT,12500000,4384177908,Howto & Style,2738,Unknown,Howto,1667,344300,2015-04-19
960,Parafernalha,12500000,4625777945,Entertainment,1888,Brazil,Entertainment,1532,182550,2011-05-13
961,NDTV,12500000,4935793409,Entertainment,151136,India,News,1395,1487800,2006-05-08
962,elcarteldesantatv,12500000,7489455451,Music,377,Mexico,Entertainment,743,2973800,2008-11-27
963,Family Fitness,12500000,10384848759,Entertainment,1699,India,Entertainment,413,6003550,2017-01-18
964,Zee Tamil,12500000,11552190002,Entertainment,102699,India,Entertainment,342,8900000,2008-08-26
965,Flowers Comedy,12500000,11691081301,Entertainment,11907,India,Entertainment,337,4570050,2015-08-19
966,Mundo Bita,12500000,16690788752,Music,253,Brazil,Music,171,5470550,2011-09-29
967,Wave Music Bhakti,12500000,5146004207,Music,19899,India,Music,1299,282500,2011-04-19
968,Troom Troom Indonesia,12500000,5379684248,People & Blogs,8,Unknown,People,4057418,0.025,2020-07-29
969,CKM,12500000,4465772496,Comedy,117,India,Comedy,1621,335100,2018-02-20
970,Quantum Tech HD,12500000,4340213066,Science & Technology,223,Pakistan,Unknown,3956586,222.5,2022-04-23
971,_vector_,12400000,7597013023,Comedy,398,United States,Comedy,720,23050000,2019-03-24
972,DEV Ke Facts,12400000,1971226335,Unknown,218,India,Education,5034,6960500,2012-09-29
973,Hero Movies 2023,12400000,1689090619,People & Blogs,689,Unknown,People,6116,532750,2017-02-22
974,LOUD,12400000,2394143260,Gaming,690,United States,Entertainment,186431,691.5,2006-01-04
975,Gibby :),12400000,2862685032,People & Blogs,226,Mexico,People,3087,262050,2014-08-30
976,Gustavo Parï¿½ï¿½,12400000,2602614088,Comedy,9,Brazil,Comedy,4050768,0,2010-08-24
977,SAAIHALILINTAR,12400000,1113066203,Entertainment,409,Indonesia,Entertainment,10271,20550,2012-04-28
593,Live,16100000,0,Unknown,0,Unknown,Unknown,4057944,0,2015-01-13
85,TEDx Talks,38600000,7339333120,Nonprofits & Activism,200933,United States,Nonprofit,768,1168450,2009-06-23
86,shfa,38400000,21528116909,People & Blogs,982,Saudi Arabia,Games,150882,40550,2018-05-24
87,Goldmines Gaane Sune Ansune,38300000,16718192386,Music,3532,India,Music,170,20750000,2015-08-24
88,One Direction,38200000,13598903820,Music,11,United States,Music,539848,162,2016-06-26
1,T-Series,245000000,228000000000,Music,20082,India,Music,1,57600000,2006-03-13
2,YouTube Movies,170000000,0,Film & Animation,1,United States,Games,4055159,0.31,2006-03-05
3,MrBeast,166000000,28368841870,Entertainment,741,United States,Entertainment,48,34350000,2012-02-20
4,Cocomelon - Nursery Rhymes,162000000,164000000000,Education,966,United States,Education,2,50350000,2006-09-01
5,SET India,159000000,148000000000,Shows,116536,India,Entertainment,3,46500000,2006-09-20
6,Music,119000000,0,Unknown,0,Unknown,Music,4057944,0,2013-09-24
7,ýýý Kids Diana Show,112000000,93247040539,People & Blogs,1111,United States,Entertainment,5,18650000,2015-05-12
8,PewDiePie,111000000,29058044447,Gaming,4716,Japan,Entertainment,44,1008800,2010-04-29
9,Like Nastya,106000000,90479060027,People & Blogs,493,Russia,People,630,1223400,2016-01-14
10,Vlad and Niki,98900000,77180169894,Entertainment,574,United States,Entertainment,8,14800000,2018-04-23
11,Zee Music Company,96700000,57856289381,Music,8548,India,Music,12,20500000,2014-03-12
12,WWE,96000000,77428473662,Sports,70127,United States,Sports,7,18200000,2007-05-11
13,Gaming,93600000,0,Unknown,0,Unknown,Games,4057944,0,2013-12-15
14,BLACKPINK,89800000,32144597566,People & Blogs,543,South Korea,Music,32,12700000,2016-06-29
89,TheEllenShow,38200000,22756581750,Entertainment,15672,United States,Entertainment,93,532700,2006-11-21
233,Coldplay,25300000,17331663193,Music,398,United Kingdom,Music,160,5048300,2010-01-03
468,IShowSpeed,18300000,1556003039,Gaming,1324,United States,Games,6734,3560400,2016-03-21
470,Bobby chourasiya,18200000,9937823152,People & Blogs,442,Unknown,People,452,11950000,2019-01-25
483,TheGrefg,18000000,6404852037,Gaming,3566,Spain,Games,950,1115750,2012-01-30
515,IGN,17500000,16107116549,Gaming,156215,United States,Games,189,2497500,2006-09-19
701,ýýýýýý,14900000,439098,People & Blogs,1,Russia,News,3609784,196,2008-08-11
702,TazerCraft,14900000,5956193599,Gaming,4175,Brazil,Games,1066,1009650,2011-07-13
747,GMM25Thailand,14500000,9383692066,Entertainment,68606,Thailand,Entertainment,502,1168450,2011-06-08
748,TV9 Bharatvarsh,14500000,10303519926,People & Blogs,293516,India,News,414,10700000,2018-11-19
978,Timba Vk,12400000,2840137980,Gaming,1024,Spain,Games,3116,636050,2012-06-16
979,Heidi and Zidane HZHtube,12400000,4021409291,Entertainment,813,Canada,Entertainment,1900,244700,2015-11-24
980,DaniRep | +6 Vï¿½ï¿½ï¿½ï¿½ï¿½ï¿½ï¿½ï¿½ï¿½ï¿½ï,12400000,6933660906,Gaming,12419,Spain,Games,847,2123950,2012-10-29
981,Zee Kids,12400000,7683670251,Film & Animation,1212,India,Entertainment,709,2442750,2012-07-06
982,Pari's Lifestyle,12400000,7741764747,People & Blogs,459,India,People,702,957250,2018-11-26
983,DisneyChannelUK,12400000,12607488647,Music,4422,United Kingdom,Entertainment,306,902150,2007-12-06
984,MoniLina,12400000,16086808918,Comedy,0,United States,People,4057944,0,2016-05-10
985,bharatzkitchen HINDI,12400000,2315226648,Howto & Style,729,India,Howto,4042,796450,2016-08-10
986,TKOR,12400000,3392022527,Education,0,Unknown,People,4057944,0,2006-08-16
987,ANNA KOVA,12400000,13959586308,People & Blogs,1,Unknown,Film,4049634,0.055,2006-06-18
988,Avril Lavigne,12400000,6202090191,Music,205,United States,Music,999,1275300,2005-10-08
989,Caylus,12400000,4779139505,Education,1340,United States,Games,1442,4516400,2016-04-06
990,Migos ATL,12400000,6993406259,Music,99,United States,Entertainment,833,1274100,2012-01-17
991,Natan por Aï¿,12300000,9029609749,Sports,1200,Brazil,Entertainment,525,14100000,2017-02-12
992,Free Fire India Official,12300000,1674409945,People & Blogs,1500,India,Games,6141,1647100,2018-09-14
993,Panda,12300000,2214684303,Unknown,2452,United Kingdom,Games,129005,1700.5,2006-09-11
994,RobTopGames,12300000,374123483,Gaming,39,Sweden,Games,35112,98700,2012-05-09
995,Make Joke Of,12300000,2129773714,Comedy,62,India,Comedy,4568,636000,2017-08-01
